-- phpMyAdmin SQL Dump
-- version 4.7.4
-- https://www.phpmyadmin.net/
--
-- Host: localhost
-- Generation Time: Jun 02, 2019 at 05:21 AM
-- Server version: 5.7.14
-- PHP Version: 5.6.30

SET SQL_MODE = "NO_AUTO_VALUE_ON_ZERO";
SET AUTOCOMMIT = 0;
START TRANSACTION;
SET time_zone = "+00:00";


/*!40101 SET @OLD_CHARACTER_SET_CLIENT=@@CHARACTER_SET_CLIENT */;
/*!40101 SET @OLD_CHARACTER_SET_RESULTS=@@CHARACTER_SET_RESULTS */;
/*!40101 SET @OLD_COLLATION_CONNECTION=@@COLLATION_CONNECTION */;
/*!40101 SET NAMES utf8mb4 */;

--
-- Database: `bfranksen`
--

-- --------------------------------------------------------

CREATE DATABASE `baseball_cs4250`;
USE `baseball_cs4250`;

--
-- Table structure for table `Agent`
--

CREATE TABLE `Agent` (
  `agentID` varchar(11) NOT NULL,
  `firstName` varchar(100) NOT NULL,
  `lastName` varchar(100) NOT NULL,
  `phone` varchar(15) DEFAULT NULL,
  `email` varchar(100) DEFAULT NULL
) ENGINE=InnoDB DEFAULT CHARSET=latin1;

--
-- Dumping data for table `Agent`
--

INSERT INTO `Agent` (`agentID`, `firstName`, `lastName`, `phone`, `email`) VALUES
('111111111', 'Rick', 'Ricky', '(111)1231234', 'whywontthiswork@yikes.sad'),
('210277823', 'Sherlocke', 'Karlsson', '(648) 6358278', 'skarlsson6@fema.gov'),
('263511556', 'Jack', 'Hutchinges', '(458) 3191193', 'jhutchingesy@arizona.edu'),
('277560385', 'Delmar', 'Pattrick', '(892) 9827615', 'dpattrickk@zimbio.com'),
('288365108', 'Huntington', 'Bartczak', '(237) 1928076', 'hbartczakg@apache.org'),
('292287053', 'Dexter', 'Furneaux', '(965) 1818408', 'dfurneaux7@walmart.com'),
('299896544', 'Ivan', 'Grieveson', '(340) 2006114', 'igrievesonx@nsw.gov.au'),
('319895938', 'Inger', 'Horsley', '(170) 4744440', 'ihorsleyf@cbc.ca'),
('321858575', 'Barris', 'Heliet', '(695) 9251426', 'bheliet0@columbia.edu'),
('336443410', 'Andres', 'Bresner', '(858) 1241959', 'abresnerr@squidoo.com'),
('371440061', 'Onfre', 'Beeden', '(243) 8719711', 'obeeden19@timesonline.co.uk'),
('383028444', 'Joe', 'Stickney', '(394) 8052601', 'jstickneyv@is.gd'),
('385190386', 'Hartley', 'Wadley', '(100) 5836649', 'hwadley13@webnode.com'),
('398091247', 'Ollie', 'Pavek', '(258) 2095267', 'opavekj@chicagotribune.com'),
('427734413', 'Hamlen', 'Smartman', '(482) 7642647', 'hsmartmanq@theglobeandmail.com'),
('451308366', 'Gearard', 'O\'Dooghaine', '(788) 5480728', 'godooghainep@gravatar.com'),
('468115834', 'Farlee', 'Glancey', '(441) 1582825', 'fglancey2@cnet.com'),
('477136097', 'Cooper', 'Awcoate', '(455) 9800533', 'cawcoate1d@reverbnation.com'),
('477850523', 'Adelbert', 'Ierland', '(372) 7375002', 'aierland1a@chicagotribune.com'),
('480113445', 'Ibrahim', 'Grimley', '(481) 2398426', 'igrimleyb@posterous.com'),
('495480920', 'Christian', 'Andrei', '(107) 3727462', 'candrei9@patch.com'),
('502946254', 'Aristotle', 'Pimerick', '(380) 5724129', 'apimericku@soup.io'),
('531831332', 'Alaster', 'Parkman', '(414) 5153764', 'aparkman18@youku.com'),
('537297991', 'Lanny', 'Hewkin', '(940) 1644674', 'lhewkin1c@hibu.com'),
('548664164', 'Fraser', 'Wheeler', '(633) 4098653', 'fwheelere@over-blog.com'),
('581405019', 'Christophe', 'Pollastrino', '(826) 9883217', 'cpollastrinoo@ihg.com'),
('634789941', 'Averell', 'Roselli', '(774) 1268594', 'arosellis@yelp.com'),
('640686213', 'Lauren', 'Mackerel', '(974) 9211604', 'lmackereln@vistaprint.com'),
('649443024', 'Beau', 'de Lloyd', '(822) 4691770', 'bdelloyd3@yolasite.com'),
('650099623', 'Raff', 'Hryncewicz', '(678) 3393370', 'rhryncewicz1@huffingtonpost.com'),
('660839988', 'Louis', 'Sharrem', '(335) 2626811', 'lsharremc@rakuten.co.jp'),
('700216001', 'Gunar', 'Dickson', '(602) 5605061', 'gdickson8@youku.com'),
('758133338', 'Elisha', 'Wudeland', '(771) 1920533', 'ewudelanda@fc2.com'),
('764808224', 'Thacher', 'Stanyon', '(884) 3581991', 'tstanyonl@4shared.com'),
('765906267', 'Langsdon', 'MacAndreis', '(781) 9256998', 'lmacandreisw@elpais.com'),
('774439191', 'Yancy', 'Hedges', '(365) 6110765', 'yhedges12@sitemeter.com'),
('774732045', 'Abbott', 'Lisle', '(767) 8375542', 'alislem@oaic.gov.au'),
('789979982', 'Alexandre', 'Rushe', '(859) 6020954', 'arushe4@auda.org.au'),
('798156105', 'Lyman', 'Montier', '(750) 6942371', 'lmontier14@boston.com'),
('812752127', 'Jeremias', 'Putterill', '(673) 6238644', 'jputterill5@t-online.de'),
('831024933', 'Radcliffe', 'Stables', '(316) 5217108', 'rstables10@stumbleupon.com'),
('835601787', 'Lay', 'Keitley', '(977) 9873241', 'lkeitley11@histats.com'),
('849207075', 'Dermot', 'Dermot', '(303) 8585999', 'ddermot1b@sciencedaily.com'),
('854979710', 'Jorge', 'Chatelet', '(518) 5172429', 'jchatelet15@360.cn'),
('860149997', 'Ike', 'Haydn', '(127) 9405404', 'ihaydnd@spotify.com'),
('861572632', 'Rafferty', 'Skittle', '(554) 2929481', 'rskittlei@unicef.org'),
('882857323', 'Bartholemy', 'Arpin', '(618) 2063814', 'barpin16@buzzfeed.com'),
('888147523', 'Ferdinand', 'Strelitzer', '(210) 5807457', 'fstrelitzer17@github.com'),
('905756047', 'Melvyn', 'Meneghelli', '(746) 8732200', 'mmeneghellih@hubpages.com');

-- --------------------------------------------------------

--
-- Table structure for table `Fielding`
--

CREATE TABLE `Fielding` (
  `playerID` char(10) NOT NULL,
  `games` int(11) DEFAULT NULL,
  `outsPlayed` int(11) DEFAULT NULL,
  `putouts` int(11) DEFAULT NULL,
  `assists` int(11) DEFAULT NULL,
  `errors` int(11) DEFAULT NULL,
  `doublePlays` int(11) DEFAULT NULL,
  `fieldingPercentage` float(8,3) DEFAULT NULL
) ENGINE=InnoDB DEFAULT CHARSET=latin1;

--
-- Dumping data for table `Fielding`
--

INSERT INTO `Fielding` (`playerID`, `games`, `outsPlayed`, `putouts`, `assists`, `errors`, `doublePlays`, `fieldingPercentage`) VALUES
('210878919', 158, 4202, 540, 280, 14, 24, 0.983),
('216260415', 23, 699, 106, 50, 1, 6, 0.994),
('241021212', 88, 2461, 340, 189, 11, 17, 0.980),
('293907279', 101, 2728, 365, 212, 10, 18, 0.983),
('297145985', 51, 1331, 240, 131, 7, 11, 0.981),
('297900488', 58, 1603, 283, 114, 4, 11, 0.990),
('308213458', 32, 911, 157, 84, 5, 6, 0.980),
('309886713', 3, 122, 53, 20, 4, 1, 0.948),
('313363771', 123, 3311, 511, 255, 8, 21, 0.990),
('335682238', 23, 638, 119, 68, 6, 7, 0.969),
('371885408', 2, 13, 76, 38, 0, 1, 1.000),
('378126326', 38, 980, 197, 79, 3, 6, 0.989),
('384563178', 21, 643, 104, 49, 2, 6, 0.987),
('391894749', 160, 4420, 633, 311, 15, 23, 0.984),
('403386587', 75, 1941, 282, 133, 6, 11, 0.986),
('429307742', 29, 774, 124, 67, 6, 8, 0.970),
('432051696', 86, 2230, 282, 164, 8, 12, 0.982),
('440406084', 122, 3292, 433, 225, 11, 19, 0.984),
('451479288', 68, 1910, 322, 148, 7, 10, 0.985),
('459538520', 109, 2950, 412, 208, 10, 15, 0.984),
('517549365', 151, 4051, 537, 275, 15, 23, 0.982),
('539063230', 95, 2533, 405, 175, 6, 12, 0.990),
('546932241', 21, 500, 132, 76, 1, 5, 0.995),
('565507978', 98, 2656, 391, 167, 9, 17, 0.984),
('570040843', 141, 3862, 553, 250, 14, 23, 0.983),
('581173155', 4, 130, 51, 47, 3, 5, 0.970),
('597688889', 132, 3609, 547, 235, 12, 18, 0.985),
('620812663', 95, 2655, 352, 185, 10, 14, 0.982),
('627482711', 121, 3239, 450, 213, 8, 18, 0.988),
('631064290', 134, 3555, 507, 234, 9, 21, 0.988),
('692330000', 81, 2261, 354, 148, 9, 14, 0.982),
('694668541', 42, 1188, 228, 116, 6, 6, 0.983),
('699694575', 119, 3237, 412, 222, 13, 21, 0.980),
('709667135', 36, 937, 143, 64, 2, 9, 0.990),
('752762138', 153, 4218, 531, 309, 13, 22, 0.985),
('802993576', 131, 3438, 468, 227, 13, 22, 0.982),
('817741013', 154, 4088, 537, 280, 13, 20, 0.984),
('818882030', 83, 2339, 384, 155, 10, 11, 0.982),
('820925771', 38, 1006, 172, 102, 4, 6, 0.986),
('824197658', 93, 2523, 333, 203, 8, 17, 0.985),
('869203310', 26, 698, 122, 44, 2, 7, 0.988),
('880515899', 28, 739, 132, 47, 5, 4, 0.973),
('898900829', 17, 530, 70, 64, 6, 6, 0.957),
('907527343', 66, 1835, 250, 117, 9, 9, 0.976),
('913799287', 153, 4086, 563, 272, 14, 25, 0.984),
('917178541', 30, 747, 96, 88, 3, 6, 0.984),
('924978309', 3, 158, 86, 14, 0, 4, 1.000),
('928780995', 7, 253, 80, 60, 3, 2, 0.979),
('948875261', 154, 4187, 603, 266, 15, 24, 0.983);

-- --------------------------------------------------------

--
-- Table structure for table `Game`
--

CREATE TABLE `Game` (
  `gameID` int(11) NOT NULL,
  `awayID` char(3) NOT NULL,
  `homeID` char(3) NOT NULL,
  `gameDate` date NOT NULL,
  `awayRuns` int(11) DEFAULT '0',
  `homeRuns` int(11) DEFAULT '0',
  `awayHits` int(11) DEFAULT '0',
  `homeHits` int(11) DEFAULT '0',
  `awayErrors` int(11) DEFAULT '0',
  `homeErrors` int(11) DEFAULT '0',
  `winningTeamId` char(3) DEFAULT NULL
) ENGINE=InnoDB DEFAULT CHARSET=latin1;

--
-- Dumping data for table `Game`
--

INSERT INTO `Game` (`gameID`, `awayID`, `homeID`, `gameDate`, `awayRuns`, `homeRuns`, `awayHits`, `homeHits`, `awayErrors`, `homeErrors`, `winningTeamId`) VALUES
(1, 'ARI', 'PIT', '2019-07-07', 10, 13, 13, 16, 1, 0, 'PIT'),
(2, 'ATL', 'MIA', '2019-07-21', 2, 3, 4, 15, 1, 2, 'MIA'),
(3, 'BAL', 'COL', '2019-04-22', 10, 1, 12, 7, 4, 1, 'BAL'),
(4, 'BOS', 'CIN', '2019-09-12', 7, 0, 12, 5, 2, 1, 'BOS'),
(5, 'CHC', 'ATL', '2019-06-08', 2, 10, 5, 12, 2, 1, 'ATL'),
(6, 'CHW', 'TEX', '2019-08-03', 2, 5, 10, 10, 0, 0, 'TEX'),
(7, 'CIN', 'CLE', '2019-04-27', 0, 1, 1, 2, 1, 1, 'CLE'),
(8, 'CLE', 'NYY', '2019-05-31', 5, 12, 11, 15, 2, 2, 'NYY'),
(9, 'COL', 'PIT', '2019-08-03', 12, 1, 11, 7, 1, 1, 'COL'),
(10, 'DET', 'MIA', '2019-05-08', 8, 3, 15, 9, 3, 0, 'DET'),
(11, 'HOU', 'SDP', '2019-05-21', 11, 0, 14, 6, 0, 2, 'HOU'),
(12, 'KCR', 'SFG', '2019-04-01', 3, 5, 8, 8, 0, 0, 'SFG'),
(13, 'LAA', 'NYY', '2019-04-01', 9, 4, 15, 8, 1, 1, 'LAA'),
(14, 'LAD', 'WSN', '2019-07-22', 4, 9, 10, 16, 0, 1, 'WSN'),
(15, 'MIA', 'SEA', '2019-07-24', 9, 12, 13, 16, 1, 1, 'SEA'),
(16, 'MIL', 'ARI', '2019-04-14', 10, 1, 10, 1, 0, 1, 'MIL'),
(17, 'MIN', 'MIL', '2019-08-20', 2, 13, 8, 15, 1, 2, 'MIL'),
(18, 'NYM', 'SDP', '2019-07-31', 6, 12, 15, 16, 1, 0, 'SDP'),
(19, 'NYY', 'ATL', '2019-08-18', 11, 5, 13, 10, 1, 0, 'NYY'),
(20, 'OAK', 'PIT', '2019-05-19', 7, 5, 12, 6, 0, 1, 'OAK'),
(21, 'PHI', 'PIT', '2019-06-03', 14, 2, 15, 6, 0, 2, 'PHI'),
(22, 'PIT', 'SFG', '2019-05-18', 9, 11, 14, 12, 2, 0, 'SFG'),
(23, 'SDP', 'SFG', '2019-08-10', 9, 1, 10, 3, 1, 0, 'SDP'),
(24, 'SEA', 'STL', '2019-08-14', 9, 5, 12, 8, 0, 0, 'SEA'),
(25, 'SFG', 'TEX', '2019-07-20', 14, 0, 17, 4, 3, 0, 'SFG'),
(26, 'STL', 'OAK', '2019-08-01', 9, 12, 11, 16, 0, 1, 'OAK'),
(27, 'TBR', 'STL', '2019-05-31', 10, 5, 16, 9, 1, 0, 'TBR'),
(28, 'TEX', 'ATL', '2019-04-24', 4, 8, 11, 9, 2, 1, 'ATL'),
(29, 'TOR', 'MIL', '2019-07-05', 6, 4, 11, 4, 0, 0, 'TOR'),
(30, 'WSN', 'STL', '2019-06-17', 13, 8, 17, 10, 0, 3, 'WSN'),
(31, 'ARI', 'BOS', '2019-09-06', 9, 6, 12, 12, 0, 2, 'ARI'),
(32, 'ATL', 'MIL', '2019-04-15', 5, 9, 9, 12, 2, 0, 'MIL'),
(33, 'BAL', 'MIL', '2019-08-26', 14, 13, 19, 13, 0, 1, 'BAL'),
(34, 'BOS', 'SFG', '2019-04-26', 0, 2, 1, 2, 0, 2, 'SFG'),
(35, 'CHC', 'NYM', '2019-09-25', 9, 3, 8, 5, 2, 0, 'CHC'),
(36, 'CHW', 'SDP', '2019-05-12', 14, 12, 15, 16, 1, 0, 'CHW'),
(37, 'CIN', 'COL', '2019-05-10', 1, 4, 6, 7, 0, 1, 'COL'),
(38, 'CLE', 'SEA', '2019-07-19', 1, 5, 6, 11, 0, 1, 'SEA'),
(39, 'COL', 'MIN', '2019-09-21', 3, 10, 2, 15, 0, 2, 'MIN'),
(40, 'DET', 'WSN', '2019-04-05', 8, 11, 9, 20, 1, 2, 'WSN'),
(41, 'HOU', 'CHC', '2019-06-17', 13, 7, 14, 10, 1, 2, 'HOU'),
(42, 'KCR', 'TBR', '2019-04-30', 6, 4, 9, 8, 1, 1, 'KCR'),
(43, 'LAA', 'OAK', '2019-09-23', 6, 4, 12, 8, 2, 0, 'LAA'),
(44, 'LAD', 'MIA', '2019-05-18', 2, 5, 4, 7, 1, 0, 'MIA'),
(45, 'MIA', 'CLE', '2019-08-22', 4, 6, 13, 14, 0, 2, 'CLE'),
(46, 'MIL', 'CIN', '2019-06-23', 10, 12, 13, 15, 1, 2, 'CIN'),
(47, 'MIN', 'OAK', '2019-05-15', 0, 2, 4, 6, 0, 0, 'OAK'),
(48, 'NYM', 'CLE', '2019-04-06', 0, 13, 1, 17, 2, 0, 'CLE'),
(49, 'NYY', 'NYM', '2019-09-14', 8, 6, 13, 8, 2, 1, 'NYY'),
(50, 'OAK', 'BOS', '2019-06-24', 11, 14, 14, 15, 1, 2, 'BOS');

-- --------------------------------------------------------

--
-- Table structure for table `Game_Fielding`
--

CREATE TABLE `Game_Fielding` (
  `gameId` int(11) NOT NULL,
  `playerId` varchar(10) NOT NULL,
  `outsPlayed` int(11) DEFAULT NULL,
  `putouts` int(11) DEFAULT NULL,
  `assists` int(11) DEFAULT NULL,
  `errors` int(11) DEFAULT NULL,
  `doublePlays` int(11) DEFAULT NULL
) ENGINE=InnoDB DEFAULT CHARSET=latin1;

--
-- Dumping data for table `Game_Fielding`
--

INSERT INTO `Game_Fielding` (`gameId`, `playerId`, `outsPlayed`, `putouts`, `assists`, `errors`, `doublePlays`) VALUES
(1, '384563178', 19, 4, 2, 0, 1),
(1, '391894749', 15, 1, 2, 0, 3),
(1, '631064290', 25, 9, 5, 1, 3),
(1, '880515899', 3, 5, 0, 1, 2),
(1, '898900829', 21, 2, 6, 2, 2),
(2, '309886713', 23, 6, 3, 0, 2),
(2, '313363771', 10, 4, 6, 1, 1),
(2, '802993576', 9, 1, 4, 0, 1),
(2, '917178541', 17, 1, 4, 0, 0),
(3, '403386587', 12, 0, 5, 1, 1),
(4, '216260415', 9, 0, 4, 0, 0),
(4, '335682238', 3, 0, 0, 0, 3),
(4, '565507978', 25, 1, 6, 2, 3),
(5, '210878919', 18, 2, 2, 2, 0),
(5, '297900488', 20, 6, 4, 2, 1),
(5, '309886713', 4, 2, 2, 1, 1),
(5, '432051696', 12, 0, 6, 1, 2),
(5, '459538520', 24, 4, 4, 1, 0),
(5, '917178541', 23, 2, 0, 2, 1),
(7, '335682238', 20, 4, 0, 1, 0),
(9, '384563178', 24, 3, 3, 1, 0),
(9, '631064290', 12, 8, 0, 0, 0),
(9, '898900829', 3, 2, 0, 1, 1),
(10, '297145985', 20, 6, 6, 0, 1),
(10, '313363771', 25, 6, 4, 1, 2),
(10, '539063230', 27, 5, 4, 2, 3),
(10, '802993576', 12, 9, 6, 2, 1),
(10, '824197658', 9, 4, 6, 1, 2),
(11, '429307742', 10, 2, 6, 2, 2),
(11, '694668541', 4, 7, 1, 0, 3),
(11, '817741013', 24, 0, 2, 1, 2),
(12, '241021212', 22, 4, 3, 0, 3),
(12, '371885408', 14, 5, 6, 1, 0),
(12, '517549365', 5, 8, 2, 1, 1),
(12, '546932241', 15, 3, 1, 0, 1),
(12, '627482711', 9, 8, 2, 2, 1),
(12, '699694575', 15, 4, 6, 0, 0),
(12, '924978309', 4, 7, 5, 1, 0),
(13, '570040843', 16, 8, 3, 2, 0),
(13, '869203310', 15, 1, 1, 2, 0),
(14, '378126326', 17, 0, 2, 2, 1),
(14, '440406084', 21, 1, 3, 2, 0),
(14, '620812663', 13, 8, 4, 1, 0),
(14, '818882030', 16, 7, 2, 1, 2),
(14, '913799287', 7, 7, 1, 0, 1),
(15, '313363771', 14, 7, 5, 1, 0),
(15, '451479288', 6, 1, 5, 0, 1),
(15, '802993576', 9, 1, 5, 0, 0);

-- --------------------------------------------------------

--
-- Table structure for table `Game_Hitting`
--

CREATE TABLE `Game_Hitting` (
  `gameId` int(11) NOT NULL,
  `playerId` varchar(10) NOT NULL,
  `atBats` int(11) DEFAULT NULL,
  `runs` int(11) DEFAULT NULL,
  `hits` int(11) DEFAULT NULL,
  `doubles` int(11) DEFAULT NULL,
  `triples` int(11) DEFAULT NULL,
  `homeRuns` int(11) DEFAULT NULL,
  `runsBattedIn` int(11) DEFAULT NULL,
  `strikeouts` int(11) DEFAULT NULL,
  `walks` int(11) DEFAULT NULL,
  `stolenBases` int(11) DEFAULT NULL,
  `caughtStealing` int(11) DEFAULT NULL
) ENGINE=InnoDB DEFAULT CHARSET=latin1;

--
-- Dumping data for table `Game_Hitting`
--

INSERT INTO `Game_Hitting` (`gameId`, `playerId`, `atBats`, `runs`, `hits`, `doubles`, `triples`, `homeRuns`, `runsBattedIn`, `strikeouts`, `walks`, `stolenBases`, `caughtStealing`) VALUES
(1, '384563178', 3, 2, 0, 0, 0, 0, 0, 2, 0, 0, 2),
(1, '391894749', 6, 4, 5, 1, 3, 1, 4, 0, 0, 0, 0),
(1, '631064290', 5, 1, 5, 3, 1, 0, 3, 0, 0, 0, 0),
(1, '880515899', 6, 2, 5, 2, 2, 0, 1, 1, 0, 1, 0),
(1, '898900829', 4, 1, 4, 2, 0, 0, 3, 0, 0, 1, 1),
(2, '309886713', 2, 1, 0, 0, 0, 0, 0, 2, 0, 0, 0),
(2, '313363771', 4, 1, 4, 3, 0, 0, 2, 0, 0, 0, 0),
(2, '802993576', 3, 2, 3, 2, 0, 0, 3, 0, 0, 1, 0),
(2, '917178541', 3, 1, 1, 0, 0, 0, 0, 0, 0, 0, 0),
(3, '403386587', 4, 1, 0, 0, 0, 0, 0, 4, 0, 0, 0),
(4, '216260415', 3, 1, 2, 1, 0, 1, 1, 0, 0, 0, 0),
(4, '335682238', 4, 2, 0, 0, 0, 0, 0, 4, 0, 0, 0),
(4, '565507978', 2, 1, 0, 0, 0, 0, 0, 0, 0, 0, 0),
(5, '210878919', 3, 1, 3, 0, 2, 0, 0, 0, 0, 0, 1),
(5, '297900488', 5, 0, 4, 3, 0, 0, 3, 0, 1, 0, 0),
(5, '309886713', 6, 0, 2, 0, 0, 1, 2, 4, 0, 0, 0),
(5, '432051696', 5, 3, 2, 0, 1, 0, 0, 1, 1, 0, 0),
(5, '459538520', 5, 1, 4, 3, 0, 1, 5, 0, 1, 0, 0),
(5, '917178541', 4, 3, 2, 0, 0, 2, 3, 2, 0, 0, 0),
(7, '335682238', 3, 1, 2, 1, 0, 0, 2, 0, 1, 0, 0),
(9, '384563178', 3, 0, 3, 0, 1, 2, 3, 0, 0, 2, 1),
(9, '631064290', 6, 0, 2, 1, 0, 0, 1, 2, 0, 1, 0),
(9, '898900829', 2, 0, 2, 1, 0, 0, 0, 0, 0, 0, 0),
(10, '297145985', 5, 2, 1, 0, 0, 1, 1, 0, 1, 0, 0),
(10, '313363771', 4, 1, 1, 0, 0, 0, 0, 2, 0, 1, 0),
(10, '539063230', 6, 5, 4, 3, 0, 1, 3, 2, 0, 0, 1),
(10, '802993576', 5, 0, 4, 2, 1, 0, 1, 0, 1, 0, 0),
(10, '824197658', 2, 0, 0, 0, 0, 0, 0, 0, 0, 0, 0),
(11, '429307742', 5, 4, 0, 0, 0, 0, 0, 5, 0, 2, 0),
(11, '694668541', 3, 0, 3, 0, 2, 1, 1, 0, 0, 1, 0),
(11, '817741013', 3, 0, 2, 0, 1, 0, 1, 0, 0, 1, 1),
(12, '241021212', 5, 1, 3, 2, 0, 0, 0, 1, 0, 1, 0),
(12, '371885408', 5, 1, 4, 2, 1, 0, 4, 0, 0, 0, 0),
(12, '517549365', 5, 0, 1, 0, 0, 0, 0, 1, 1, 0, 0),
(12, '546932241', 6, 5, 0, 0, 0, 0, 0, 5, 0, 1, 0),
(12, '627482711', 2, 0, 1, 0, 0, 0, 0, 1, 0, 0, 0),
(12, '699694575', 6, 4, 4, 1, 0, 1, 4, 2, 0, 1, 0),
(12, '924978309', 3, 2, 1, 0, 0, 0, 0, 0, 0, 1, 0),
(13, '570040843', 2, 0, 2, 1, 0, 0, 2, 0, 0, 0, 0),
(13, '869203310', 6, 1, 1, 0, 0, 1, 1, 5, 0, 1, 0),
(14, '378126326', 3, 1, 2, 0, 0, 0, 0, 0, 1, 0, 0),
(14, '440406084', 5, 4, 0, 0, 0, 0, 0, 1, 4, 0, 0),
(14, '620812663', 2, 1, 0, 0, 0, 0, 0, 1, 0, 0, 0),
(14, '818882030', 3, 1, 0, 0, 0, 0, 0, 3, 0, 0, 1),
(14, '913799287', 5, 4, 3, 2, 0, 0, 2, 0, 2, 1, 0),
(15, '313363771', 4, 3, 4, 0, 1, 1, 1, 0, 0, 0, 0),
(15, '451479288', 6, 0, 3, 2, 0, 0, 2, 0, 1, 0, 0),
(15, '802993576', 4, 2, 0, 0, 0, 0, 0, 4, 0, 1, 0);

-- --------------------------------------------------------

--
-- Table structure for table `Game_Pitching`
--

CREATE TABLE `Game_Pitching` (
  `gameId` int(11) NOT NULL,
  `playerId` varchar(10) NOT NULL,
  `gameStarted` int(11) DEFAULT NULL,
  `inningsPitched` int(11) DEFAULT NULL,
  `win` int(11) DEFAULT NULL,
  `loss` int(11) DEFAULT NULL,
  `runs` int(11) DEFAULT NULL,
  `earnedRunAvg` float(8,2) DEFAULT NULL,
  `shutOut` int(11) DEFAULT NULL,
  `save` int(11) DEFAULT NULL,
  `hits` int(11) DEFAULT NULL,
  `homeRuns` int(11) DEFAULT NULL,
  `strikeouts` int(11) DEFAULT NULL,
  `walks` int(11) DEFAULT NULL,
  `battersFaced` int(11) DEFAULT NULL
) ENGINE=InnoDB DEFAULT CHARSET=latin1;

--
-- Dumping data for table `Game_Pitching`
--

INSERT INTO `Game_Pitching` (`gameId`, `playerId`, `gameStarted`, `inningsPitched`, `win`, `loss`, `runs`, `earnedRunAvg`, `shutOut`, `save`, `hits`, `homeRuns`, `strikeouts`, `walks`, `battersFaced`) VALUES
(1, '384563178', 0, 7, 0, 1, 7, 9.00, 0, 0, 8, 3, 7, 3, 22),
(1, '391894749', 0, 4, 0, 0, 5, 11.25, 0, 1, 4, 3, 7, 1, 15),
(1, '631064290', 0, 1, 0, 1, 6, 54.00, 0, 0, 7, 3, 0, 6, 7),
(1, '880515899', 1, 9, 0, 1, 5, 5.00, 0, 1, 4, 3, 12, 0, 31),
(1, '898900829', 1, 1, 1, 1, 5, 45.00, 0, 1, 11, 2, 1, 3, 11),
(2, '309886713', 0, 5, 0, 0, 6, 10.80, 0, 0, 8, 0, 2, 3, 16),
(2, '313363771', 0, 1, 0, 1, 1, 9.00, 0, 0, 6, 2, 1, 3, 4),
(2, '802993576', 0, 3, 1, 1, 4, 12.00, 0, 0, 2, 3, 2, 5, 9),
(2, '917178541', 0, 4, 1, 1, 0, 0.00, 0, 0, 5, 1, 4, 3, 13),
(3, '403386587', 0, 3, 1, 1, 5, 15.00, 0, 0, 3, 1, 3, 1, 12),
(4, '216260415', 1, 5, 0, 1, 1, 1.80, 0, 0, 12, 1, 7, 1, 16),
(4, '335682238', 1, 9, 0, 1, 6, 6.00, 0, 0, 6, 1, 5, 3, 31),
(4, '565507978', 1, 8, 0, 0, 5, 5.62, 0, 0, 3, 1, 4, 5, 25),
(5, '210878919', 1, 6, 1, 0, 7, 10.50, 0, 1, 0, 3, 4, 4, 18),
(5, '297900488', 1, 3, 1, 0, 6, 18.00, 0, 0, 0, 3, 5, 2, 9),
(5, '309886713', 1, 4, 1, 0, 4, 9.00, 0, 0, 7, 0, 3, 5, 18),
(5, '432051696', 1, 7, 0, 1, 4, 5.14, 0, 0, 5, 3, 1, 5, 21),
(5, '459538520', 1, 1, 0, 1, 0, 0.00, 0, 0, 4, 1, 1, 1, 3),
(5, '917178541', 0, 8, 1, 0, 4, 4.50, 0, 0, 8, 2, 8, 2, 29),
(7, '335682238', 0, 5, 0, 1, 2, 3.60, 0, 0, 11, 3, 6, 2, 21),
(9, '384563178', 1, 3, 1, 1, 6, 18.00, 0, 0, 11, 3, 4, 6, 17),
(9, '631064290', 1, 3, 0, 1, 5, 15.00, 0, 0, 1, 3, 3, 0, 10),
(9, '898900829', 1, 3, 0, 0, 3, 9.00, 0, 0, 3, 0, 2, 3, 11),
(10, '297145985', 0, 7, 1, 0, 2, 2.57, 0, 1, 5, 0, 2, 6, 21),
(10, '313363771', 0, 2, 1, 0, 0, 0.00, 0, 1, 8, 0, 3, 5, 6),
(10, '539063230', 0, 2, 1, 1, 1, 4.50, 0, 0, 7, 3, 1, 4, 12),
(10, '802993576', 1, 3, 0, 0, 6, 18.00, 0, 0, 3, 1, 5, 1, 11),
(10, '824197658', 0, 9, 1, 0, 5, 5.00, 0, 0, 12, 1, 9, 4, 30),
(11, '429307742', 1, 2, 0, 0, 4, 18.00, 0, 0, 11, 2, 1, 2, 17),
(11, '694668541', 0, 3, 0, 0, 4, 12.00, 0, 0, 6, 2, 1, 2, 9),
(11, '817741013', 0, 9, 1, 0, 1, 1.00, 0, 0, 5, 0, 6, 4, 32),
(12, '241021212', 1, 2, 0, 0, 5, 22.50, 0, 0, 4, 1, 1, 2, 7),
(12, '371885408', 1, 6, 0, 0, 4, 6.00, 0, 0, 12, 2, 5, 5, 29),
(12, '517549365', 0, 8, 0, 0, 4, 4.50, 0, 0, 7, 0, 5, 5, 31),
(12, '546932241', 1, 1, 1, 0, 7, 63.00, 0, 0, 1, 1, 1, 5, 3),
(12, '627482711', 1, 9, 1, 1, 2, 2.00, 0, 0, 12, 0, 9, 5, 38),
(12, '699694575', 0, 1, 0, 0, 7, 63.00, 0, 1, 6, 3, 1, 1, 4),
(12, '924978309', 1, 6, 1, 1, 6, 9.00, 0, 0, 3, 1, 2, 1, 19),
(13, '570040843', 0, 8, 0, 0, 6, 6.75, 0, 0, 12, 2, 8, 4, 26),
(13, '869203310', 0, 4, 1, 1, 0, 0.00, 0, 0, 2, 1, 1, 5, 14),
(14, '378126326', 0, 9, 0, 0, 6, 6.00, 0, 0, 9, 3, 3, 5, 27),
(14, '440406084', 1, 8, 0, 0, 6, 6.75, 0, 0, 12, 3, 6, 2, 25),
(14, '620812663', 1, 3, 1, 0, 3, 9.00, 0, 0, 11, 3, 2, 0, 14),
(14, '818882030', 1, 4, 1, 1, 5, 11.25, 0, 0, 3, 1, 7, 5, 13),
(14, '913799287', 0, 2, 0, 1, 7, 31.50, 0, 0, 4, 2, 2, 2, 8),
(15, '313363771', 1, 5, 1, 0, 6, 10.80, 0, 0, 2, 0, 6, 5, 17),
(15, '451479288', 0, 3, 0, 1, 3, 9.00, 0, 0, 12, 2, 4, 4, 21),
(15, '802993576', 1, 1, 1, 0, 1, 9.00, 0, 0, 11, 2, 1, 0, 12);

-- --------------------------------------------------------

--
-- Table structure for table `Hitting`
--

CREATE TABLE `Hitting` (
  `playerID` char(10) NOT NULL,
  `games` int(11) DEFAULT NULL,
  `plateAppearances` int(11) DEFAULT NULL,
  `atBats` int(11) DEFAULT NULL,
  `runs` int(11) DEFAULT NULL,
  `hits` int(11) DEFAULT NULL,
  `doubles` int(11) DEFAULT NULL,
  `triples` int(11) DEFAULT NULL,
  `homeRuns` int(11) DEFAULT NULL,
  `runsBattedIn` int(11) DEFAULT NULL,
  `strikeouts` int(11) DEFAULT NULL,
  `walks` int(11) DEFAULT NULL,
  `stolenBases` int(11) DEFAULT NULL,
  `caughtStealing` int(11) DEFAULT NULL,
  `bAvg` float(8,3) DEFAULT NULL,
  `onBasePerc` float(8,3) DEFAULT NULL,
  `slugPerc` float(8,3) DEFAULT NULL
) ENGINE=InnoDB DEFAULT CHARSET=latin1;

--
-- Dumping data for table `Hitting`
--

INSERT INTO `Hitting` (`playerID`, `games`, `plateAppearances`, `atBats`, `runs`, `hits`, `doubles`, `triples`, `homeRuns`, `runsBattedIn`, `strikeouts`, `walks`, `stolenBases`, `caughtStealing`, `bAvg`, `onBasePerc`, `slugPerc`) VALUES
('210878919', 79, 407, 363, 67, 117, 31, 4, 16, 65, 95, 61, 9, 4, 0.322, 0.420, 0.545),
('216260415', 147, 685, 627, 106, 173, 40, 4, 25, 112, 163, 85, 13, 10, 0.276, 0.362, 0.463),
('241021212', 113, 517, 470, 81, 137, 31, 3, 15, 97, 135, 82, 13, 3, 0.291, 0.397, 0.466),
('293907279', 117, 535, 491, 87, 144, 26, 3, 21, 87, 136, 67, 5, 16, 0.293, 0.378, 0.475),
('297145985', 158, 684, 611, 110, 177, 31, 5, 20, 89, 155, 101, 19, 4, 0.290, 0.390, 0.445),
('297900488', 113, 489, 454, 74, 122, 23, 1, 12, 89, 121, 63, 7, 7, 0.269, 0.358, 0.403),
('308213458', 50, 292, 280, 46, 92, 18, 3, 18, 72, 66, 45, 16, 9, 0.329, 0.422, 0.607),
('309886713', 54, 278, 257, 51, 90, 20, 3, 13, 72, 65, 51, 14, 10, 0.350, 0.458, 0.603),
('313363771', 59, 329, 288, 52, 85, 23, 0, 21, 61, 71, 40, 6, 3, 0.295, 0.381, 0.573),
('335682238', 114, 459, 410, 74, 122, 27, 0, 23, 76, 102, 74, 13, 17, 0.298, 0.405, 0.517),
('371885408', 107, 502, 457, 85, 129, 32, 2, 25, 67, 121, 68, 10, 9, 0.282, 0.375, 0.525),
('378126326', 72, 361, 332, 54, 101, 29, 2, 13, 75, 88, 60, 14, 3, 0.304, 0.411, 0.521),
('384563178', 134, 558, 503, 87, 157, 28, 4, 19, 82, 126, 72, 9, 15, 0.312, 0.398, 0.497),
('391894749', 157, 630, 576, 100, 184, 33, 2, 24, 89, 146, 94, 10, 5, 0.319, 0.415, 0.509),
('403386587', 86, 412, 373, 71, 104, 30, 1, 17, 74, 105, 57, 9, 5, 0.279, 0.374, 0.501),
('429307742', 138, 552, 503, 86, 151, 30, 4, 24, 74, 128, 80, 10, 4, 0.300, 0.396, 0.519),
('432051696', 147, 592, 543, 93, 167, 34, 1, 32, 113, 135, 83, 8, 11, 0.308, 0.399, 0.540),
('440406084', 136, 548, 502, 83, 140, 38, 2, 21, 100, 125, 79, 7, 16, 0.279, 0.377, 0.476),
('451479288', 156, 721, 668, 113, 191, 47, 5, 24, 121, 166, 106, 15, 7, 0.286, 0.384, 0.479),
('459538520', 139, 647, 577, 104, 159, 40, 3, 22, 79, 162, 86, 10, 17, 0.276, 0.370, 0.459),
('517549365', 147, 644, 571, 104, 179, 35, 0, 23, 117, 159, 98, 20, 9, 0.313, 0.414, 0.485),
('539063230', 160, 673, 600, 108, 170, 34, 2, 22, 105, 161, 95, 8, 12, 0.283, 0.381, 0.447),
('546932241', 96, 478, 435, 73, 124, 33, 3, 28, 59, 124, 71, 16, 14, 0.285, 0.385, 0.554),
('565507978', 59, 287, 275, 48, 76, 20, 4, 17, 41, 67, 41, 11, 13, 0.276, 0.370, 0.564),
('570040843', 106, 493, 453, 83, 128, 37, 2, 14, 85, 114, 64, 18, 9, 0.283, 0.371, 0.466),
('581173155', 126, 537, 485, 87, 133, 38, 0, 29, 69, 131, 77, 17, 8, 0.274, 0.374, 0.520),
('597688889', 98, 417, 387, 68, 115, 28, 3, 19, 84, 99, 59, 15, 2, 0.297, 0.390, 0.532),
('620812663', 98, 447, 415, 71, 112, 22, 2, 19, 55, 116, 66, 6, 16, 0.270, 0.370, 0.470),
('627482711', 141, 639, 585, 97, 171, 36, 2, 32, 101, 157, 91, 9, 11, 0.292, 0.388, 0.525),
('631064290', 102, 413, 371, 65, 105, 23, 5, 28, 77, 91, 69, 12, 11, 0.283, 0.395, 0.582),
('692330000', 78, 403, 366, 61, 108, 18, 4, 25, 67, 104, 63, 13, 9, 0.295, 0.399, 0.571),
('694668541', 159, 675, 613, 105, 181, 38, 1, 25, 100, 170, 84, 20, 17, 0.295, 0.380, 0.483),
('699694575', 161, 671, 613, 103, 175, 37, 4, 24, 118, 166, 88, 11, 16, 0.285, 0.375, 0.467),
('709667135', 164, 670, 603, 102, 177, 32, 1, 21, 97, 159, 95, 13, 4, 0.294, 0.390, 0.444),
('752762138', 42, 183, 184, 31, 46, 15, 4, 18, 39, 43, 26, 12, 16, 0.250, 0.343, 0.668),
('802993576', 70, 293, 269, 45, 80, 28, 3, 12, 63, 72, 36, 12, 1, 0.297, 0.380, 0.558),
('817741013', 148, 645, 590, 104, 166, 35, 5, 18, 109, 162, 87, 6, 10, 0.281, 0.374, 0.449),
('818882030', 148, 597, 545, 90, 170, 32, 3, 32, 115, 153, 74, 20, 17, 0.312, 0.394, 0.558),
('820925771', 99, 410, 375, 64, 105, 32, 3, 28, 77, 93, 62, 7, 3, 0.280, 0.382, 0.589),
('824197658', 77, 402, 380, 63, 109, 22, 2, 22, 66, 96, 68, 19, 14, 0.287, 0.395, 0.529),
('869203310', 85, 385, 346, 59, 89, 24, 2, 25, 51, 101, 49, 9, 2, 0.257, 0.349, 0.538),
('880515899', 66, 316, 294, 49, 88, 25, 3, 15, 60, 82, 39, 17, 13, 0.299, 0.381, 0.558),
('898900829', 65, 320, 289, 48, 85, 21, 1, 16, 45, 86, 60, 17, 9, 0.294, 0.415, 0.540),
('907527343', 112, 453, 410, 69, 127, 37, 2, 19, 88, 106, 57, 12, 8, 0.310, 0.394, 0.549),
('913799287', 105, 519, 476, 79, 138, 33, 3, 28, 84, 133, 79, 18, 7, 0.290, 0.391, 0.548),
('917178541', 130, 607, 553, 94, 152, 26, 0, 23, 97, 152, 85, 10, 10, 0.275, 0.371, 0.436),
('924978309', 127, 520, 472, 81, 140, 33, 4, 16, 93, 116, 71, 5, 8, 0.297, 0.389, 0.472),
('928780995', 96, 462, 416, 72, 125, 35, 3, 27, 75, 108, 71, 8, 11, 0.300, 0.402, 0.579),
('948875261', 81, 352, 323, 59, 93, 19, 5, 16, 70, 95, 59, 9, 7, 0.288, 0.398, 0.526);

-- --------------------------------------------------------

--
-- Table structure for table `Officiates`
--

CREATE TABLE `Officiates` (
  `gameID` int(11) NOT NULL,
  `umpireID` char(11) NOT NULL
) ENGINE=InnoDB DEFAULT CHARSET=latin1;

--
-- Dumping data for table `Officiates`
--

INSERT INTO `Officiates` (`gameID`, `umpireID`) VALUES
(8, '261888401'),
(7, '271570373'),
(1, '291424166'),
(1, '293351230'),
(8, '311921157'),
(10, '372723625'),
(4, '400287420'),
(1, '429113036'),
(5, '438509814'),
(12, '453368830'),
(1, '468292892'),
(5, '481410618'),
(3, '488618921'),
(9, '519206691'),
(8, '520918245'),
(11, '529996651'),
(5, '551280641'),
(12, '560778463'),
(10, '563319489'),
(10, '567237371'),
(10, '567507598'),
(6, '585007201'),
(4, '588008048'),
(12, '593234235'),
(6, '630791723'),
(7, '636491086'),
(11, '651313226'),
(9, '661978762'),
(12, '665127309'),
(11, '674081150'),
(9, '701350908'),
(9, '721308575'),
(6, '721916582'),
(7, '723063099'),
(11, '758611106'),
(3, '801461649'),
(3, '804934014'),
(4, '816659867'),
(8, '825576522'),
(2, '829224721'),
(2, '833977349'),
(4, '851018997'),
(7, '860182207'),
(2, '870402007'),
(2, '890970254'),
(3, '901171539'),
(5, '948304586'),
(6, '950245158');

-- --------------------------------------------------------

--
-- Table structure for table `Per_Inning`
--

CREATE TABLE `Per_Inning` (
  `gameID` int(11) NOT NULL,
  `hittingTeamID` char(3) NOT NULL,
  `inningNum` int(11) NOT NULL,
  `runs` int(11) DEFAULT NULL,
  `hits` int(11) DEFAULT NULL,
  `errors` int(11) DEFAULT NULL,
  `strikes` int(11) DEFAULT NULL,
  `balls` int(11) DEFAULT NULL
) ENGINE=InnoDB DEFAULT CHARSET=latin1;

--
-- Dumping data for table `Per_Inning`
--

INSERT INTO `Per_Inning` (`gameID`, `hittingTeamID`, `inningNum`, `runs`, `hits`, `errors`, `strikes`, `balls`) VALUES
(1, 'ARI', 1, 2, 1, 0, 14, 10),
(1, 'ARI', 2, 0, 1, 1, 11, 14),
(1, 'ARI', 3, 1, 3, 0, 13, 17),
(1, 'ARI', 4, 1, 2, 0, 17, 13),
(1, 'ARI', 5, 0, 3, 0, 17, 17),
(1, 'ARI', 6, 1, 1, 1, 12, 13),
(1, 'ARI', 7, 1, 0, 0, 20, 15),
(1, 'ARI', 8, 2, 2, 0, 14, 13),
(1, 'ARI', 9, 0, 3, 0, 18, 20),
(1, 'PIT', 1, 1, 4, 2, 12, 13),
(1, 'PIT', 2, 1, 3, 0, 18, 15),
(1, 'PIT', 3, 0, 3, 0, 12, 13),
(1, 'PIT', 4, 1, 2, 0, 10, 12),
(1, 'PIT', 5, 1, 1, 0, 12, 5),
(1, 'PIT', 6, 1, 0, 0, 17, 14),
(1, 'PIT', 7, 0, 3, 0, 15, 10),
(1, 'PIT', 8, 0, 2, 0, 13, 4),
(1, 'PIT', 9, 2, 1, 0, 16, 10),
(2, 'ATL', 1, 1, 0, 0, 19, 13),
(2, 'ATL', 2, 2, 2, 1, 12, 17),
(2, 'ATL', 3, 1, 3, 0, 16, 13),
(2, 'ATL', 4, 3, 3, 0, 21, 18),
(2, 'ATL', 5, 0, 2, 1, 24, 12),
(2, 'ATL', 6, 0, 1, 0, 11, 9),
(2, 'ATL', 7, 1, 2, 0, 21, 14),
(2, 'ATL', 8, 1, 2, 0, 17, 11),
(2, 'ATL', 9, 0, 0, 1, 11, 17),
(2, 'MIA', 1, 2, 3, 0, 17, 5),
(2, 'MIA', 2, 0, 0, 1, 24, 20),
(2, 'MIA', 3, 1, 0, 0, 11, 10),
(2, 'MIA', 4, 1, 4, 0, 22, 11),
(2, 'MIA', 5, 3, 2, 0, 15, 5),
(2, 'MIA', 6, 1, 0, 0, 11, 16),
(2, 'MIA', 7, 0, 0, 0, 14, 10),
(2, 'MIA', 8, 2, 2, 0, 14, 11),
(2, 'MIA', 9, 1, 3, 0, 16, 12),
(3, 'BAL', 1, 2, 0, 1, 16, 11),
(3, 'BAL', 2, 3, 5, 0, 17, 19),
(3, 'BAL', 3, 1, 5, 0, 17, 14),
(3, 'BAL', 4, 1, 1, 0, 12, 10),
(3, 'BAL', 5, 1, 2, 0, 16, 20),
(3, 'BAL', 6, 0, 2, 0, 9, 8),
(3, 'BAL', 7, 3, 1, 0, 15, 15),
(3, 'BAL', 8, 1, 2, 1, 19, 13),
(3, 'BAL', 9, 2, 4, 0, 15, 19),
(3, 'COL', 1, 2, 3, 0, 10, 13),
(3, 'COL', 2, 1, 3, 0, 21, 15),
(3, 'COL', 3, 1, 4, 0, 14, 15),
(3, 'COL', 4, 3, 1, 0, 12, 11),
(3, 'COL', 5, 0, 4, 1, 16, 17),
(3, 'COL', 6, 0, 1, 0, 11, 11),
(3, 'COL', 7, 1, 2, 0, 15, 9),
(3, 'COL', 8, 1, 2, 0, 13, 11),
(3, 'COL', 9, 0, 6, 0, 14, 21);

-- --------------------------------------------------------

--
-- Table structure for table `Pitching`
--

CREATE TABLE `Pitching` (
  `playerID` char(10) NOT NULL,
  `games` int(11) DEFAULT NULL,
  `gamesStarted` int(11) DEFAULT NULL,
  `inningsPitched` int(11) DEFAULT NULL,
  `wins` int(11) DEFAULT NULL,
  `losses` int(11) DEFAULT NULL,
  `completeGames` int(11) DEFAULT NULL,
  `shutOuts` int(11) DEFAULT NULL,
  `saves` int(11) DEFAULT NULL,
  `hits` int(11) DEFAULT NULL,
  `runs` int(11) DEFAULT NULL,
  `homeRuns` int(11) DEFAULT NULL,
  `strikeouts` int(11) DEFAULT NULL,
  `walks` int(11) DEFAULT NULL,
  `battersFaced` int(11) DEFAULT NULL,
  `earnedRunAvg` float(8,2) DEFAULT NULL,
  `hits_9` float(8,2) DEFAULT NULL,
  `hr_9` float(8,2) DEFAULT NULL,
  `bb_9` float(8,2) DEFAULT NULL,
  `so_9` float(8,2) DEFAULT NULL
) ENGINE=InnoDB DEFAULT CHARSET=latin1;

--
-- Dumping data for table `Pitching`
--

INSERT INTO `Pitching` (`playerID`, `games`, `gamesStarted`, `inningsPitched`, `wins`, `losses`, `completeGames`, `shutOuts`, `saves`, `hits`, `runs`, `homeRuns`, `strikeouts`, `walks`, `battersFaced`, `earnedRunAvg`, `hits_9`, `hr_9`, `bb_9`, `so_9`) VALUES
('210878919', 17, 17, 117, 16, 6, 1, 0, 0, 131, 62, 10, 123, 50, 338, 4.77, 10.08, 0.77, 3.85, 9.46),
('216260415', 20, 20, 135, 13, 8, 1, 1, 0, 118, 70, 11, 139, 54, 392, 4.67, 7.87, 0.73, 3.60, 9.27),
('241021212', 46, 4, 96, 9, 7, 0, 0, 19, 103, 49, 7, 78, 33, 283, 4.59, 9.66, 0.66, 3.09, 7.31),
('293907279', 44, 4, 98, 12, 6, 0, 0, 18, 100, 56, 8, 80, 40, 299, 5.14, 9.18, 0.73, 3.67, 7.35),
('297145985', 46, 5, 104, 12, 9, 1, 1, 18, 121, 46, 9, 113, 49, 314, 3.98, 10.47, 0.78, 4.24, 9.78),
('297900488', 18, 18, 127, 13, 11, 2, 1, 0, 127, 67, 9, 116, 47, 379, 4.75, 9.00, 0.64, 3.33, 8.22),
('308213458', 23, 23, 154, 15, 12, 1, 1, 0, 135, 86, 13, 158, 58, 474, 5.03, 7.89, 0.76, 3.39, 9.23),
('309886713', 11, 11, 82, 12, 9, 1, 0, 0, 97, 49, 6, 94, 26, 258, 5.38, 10.65, 0.66, 2.85, 10.32),
('313363771', 33, 3, 67, 7, 7, 0, 0, 14, 65, 27, 6, 85, 34, 212, 3.63, 8.73, 0.81, 4.57, 11.42),
('335682238', 26, 26, 175, 19, 12, 2, 2, 0, 161, 92, 15, 185, 72, 527, 4.73, 8.28, 0.77, 3.70, 9.51),
('371885408', 75, 2, 133, 16, 10, 2, 1, 24, 144, 74, 11, 147, 54, 389, 5.01, 9.74, 0.74, 3.65, 9.95),
('378126326', 69, 2, 121, 13, 7, 1, 1, 27, 128, 68, 8, 104, 50, 362, 5.06, 9.52, 0.60, 3.72, 7.74),
('384563178', 15, 15, 101, 14, 7, 2, 2, 0, 84, 42, 9, 117, 38, 297, 3.74, 7.49, 0.80, 3.39, 10.43),
('391894749', 22, 22, 144, 16, 12, 1, 1, 0, 146, 72, 13, 135, 57, 426, 4.50, 9.12, 0.81, 3.56, 8.44),
('403386587', 40, 1, 74, 7, 5, 1, 0, 19, 89, 35, 6, 83, 29, 215, 4.26, 10.82, 0.73, 3.53, 10.09),
('429307742', 51, 0, 86, 9, 4, 1, 1, 21, 70, 33, 8, 93, 40, 263, 3.45, 7.33, 0.84, 4.19, 9.73),
('432051696', 37, 5, 90, 12, 7, 1, 0, 12, 85, 50, 7, 79, 32, 283, 5.00, 8.50, 0.70, 3.20, 7.90),
('440406084', 55, 5, 108, 10, 10, 2, 2, 22, 88, 61, 9, 117, 49, 319, 5.08, 7.33, 0.75, 4.08, 9.75),
('451479288', 45, 3, 92, 9, 9, 1, 1, 20, 93, 37, 7, 74, 44, 276, 3.62, 9.10, 0.68, 4.30, 7.24),
('459538520', 36, 2, 67, 6, 4, 1, 0, 11, 57, 37, 4, 51, 22, 213, 4.97, 7.66, 0.54, 2.96, 6.85),
('517549365', 53, 3, 106, 11, 9, 1, 1, 21, 125, 45, 7, 117, 36, 328, 3.82, 10.61, 0.59, 3.06, 9.93),
('539063230', 16, 16, 112, 16, 7, 2, 1, 0, 104, 47, 10, 103, 46, 330, 3.78, 8.36, 0.80, 3.70, 8.28),
('546932241', 55, 0, 85, 11, 7, 0, 0, 20, 84, 51, 7, 79, 35, 246, 5.40, 8.89, 0.74, 3.71, 8.36),
('565507978', 53, 4, 102, 15, 5, 1, 0, 17, 110, 52, 9, 110, 41, 297, 4.59, 9.71, 0.79, 3.62, 9.71),
('570040843', 73, 1, 120, 14, 9, 2, 1, 24, 119, 60, 11, 111, 40, 369, 4.50, 8.93, 0.82, 3.00, 8.32),
('581173155', 76, 0, 115, 11, 10, 1, 0, 31, 120, 62, 9, 100, 38, 355, 4.85, 9.39, 0.70, 2.97, 7.83),
('597688889', 31, 31, 201, 22, 14, 2, 0, 0, 206, 107, 17, 210, 72, 617, 4.79, 9.22, 0.76, 3.22, 9.40),
('620812663', 32, 4, 70, 12, 4, 0, 0, 10, 82, 25, 5, 79, 22, 201, 3.21, 10.54, 0.64, 2.83, 10.16),
('627482711', 25, 25, 170, 17, 8, 2, 2, 0, 154, 90, 13, 154, 63, 495, 4.76, 8.15, 0.69, 3.34, 8.15),
('631064290', 36, 1, 63, 7, 6, 1, 1, 16, 58, 35, 5, 75, 29, 201, 5.00, 8.29, 0.71, 4.14, 10.71),
('692330000', 46, 2, 91, 12, 5, 0, 0, 19, 88, 55, 9, 81, 40, 284, 5.44, 8.70, 0.89, 3.96, 8.01),
('694668541', 33, 0, 60, 8, 5, 1, 1, 14, 69, 25, 3, 54, 16, 194, 3.75, 10.35, 0.45, 2.40, 8.10),
('699694575', 67, 4, 124, 17, 6, 1, 0, 26, 138, 67, 8, 108, 56, 380, 4.86, 10.02, 0.58, 4.06, 7.84),
('709667135', 19, 19, 123, 14, 11, 2, 1, 0, 113, 62, 11, 114, 43, 357, 4.54, 8.27, 0.80, 3.15, 8.34),
('752762138', 37, 1, 69, 6, 6, 1, 0, 14, 53, 24, 4, 51, 26, 207, 3.13, 6.91, 0.52, 3.39, 6.65),
('802993576', 74, 4, 132, 15, 10, 2, 1, 28, 140, 64, 10, 146, 48, 399, 4.36, 9.55, 0.68, 3.27, 9.95),
('817741013', 36, 3, 75, 9, 7, 1, 0, 17, 94, 33, 7, 75, 26, 236, 3.96, 11.28, 0.84, 3.12, 9.00),
('818882030', 10, 10, 75, 10, 4, 0, 0, 0, 78, 28, 6, 58, 23, 225, 3.36, 9.36, 0.72, 2.76, 6.96),
('820925771', 12, 12, 82, 12, 7, 1, 0, 0, 69, 40, 7, 96, 30, 251, 4.39, 7.57, 0.77, 3.29, 10.54),
('824197658', 31, 31, 208, 24, 12, 2, 2, 0, 193, 97, 16, 213, 90, 616, 4.20, 8.35, 0.69, 3.89, 9.22),
('869203310', 34, 0, 57, 6, 3, 0, 0, 15, 63, 25, 5, 66, 16, 172, 3.95, 9.95, 0.79, 2.53, 10.42),
('880515899', 44, 5, 96, 9, 9, 1, 1, 16, 114, 55, 7, 83, 42, 287, 5.16, 10.69, 0.66, 3.94, 7.78),
('898900829', 40, 5, 93, 13, 5, 0, 0, 12, 74, 51, 6, 92, 34, 267, 4.94, 7.16, 0.58, 3.29, 8.90),
('907527343', 68, 1, 117, 13, 7, 2, 1, 25, 121, 63, 9, 107, 54, 349, 4.85, 9.31, 0.69, 4.15, 8.23),
('913799287', 42, 1, 75, 10, 6, 0, 0, 19, 88, 33, 4, 75, 35, 228, 3.96, 10.56, 0.48, 4.20, 9.00),
('917178541', 55, 5, 116, 11, 7, 1, 0, 17, 130, 68, 9, 114, 40, 359, 5.28, 10.09, 0.70, 3.10, 8.84),
('924978309', 15, 15, 103, 13, 8, 1, 1, 0, 121, 60, 9, 113, 35, 322, 5.24, 10.57, 0.79, 3.06, 9.87),
('928780995', 10, 10, 66, 10, 4, 0, 0, 0, 54, 34, 5, 80, 19, 213, 4.64, 7.36, 0.68, 2.59, 10.91),
('948875261', 54, 4, 113, 15, 9, 1, 1, 19, 103, 56, 10, 95, 44, 350, 4.46, 8.20, 0.80, 3.50, 7.57);

-- --------------------------------------------------------

--
-- Table structure for table `Player`
--

CREATE TABLE `Player` (
  `playerID` char(10) NOT NULL,
  `teamID` char(3) NOT NULL,
  `firstName` varchar(100) NOT NULL,
  `lastName` varchar(100) NOT NULL,
  `birthday` date NOT NULL,
  `weight` int(11) DEFAULT NULL,
  `height` int(11) DEFAULT NULL,
  `bats` char(1) DEFAULT NULL,
  `throws` char(1) DEFAULT NULL,
  `injuries` int(11) DEFAULT NULL,
  `mlbDebut` date NOT NULL,
  `teamDebut` date DEFAULT NULL,
  `contractStart` date DEFAULT NULL,
  `contractLength` int(11) DEFAULT NULL,
  `contractSalary` double(10,2) UNSIGNED DEFAULT NULL,
  `agentID` varchar(11) DEFAULT NULL
) ENGINE=InnoDB DEFAULT CHARSET=latin1;

--
-- Dumping data for table `Player`
--

INSERT INTO `Player` (`playerID`, `teamID`, `firstName`, `lastName`, `birthday`, `weight`, `height`, `bats`, `throws`, `injuries`, `mlbDebut`, `teamDebut`, `contractStart`, `contractLength`, `contractSalary`, `agentID`) VALUES
('210878919', 'CHC', 'Klaus', 'Cokly', '1990-06-10', 180, 69, 'S', 'R', 36, '1999-09-01', '2018-02-01', '2013-03-31', 4, 31610174.88, '288365108'),
('216260415', 'BOS', 'Neall', 'Cundey', '1989-07-10', 193, 69, 'R', 'L', 7, '2003-11-11', '2015-07-26', '2012-02-02', 5, 17028923.31, '774439191'),
('241021212', 'SFG', 'Vladimir', 'Dwyer', '1978-04-04', 165, 76, 'R', 'R', 18, '2003-12-13', '2004-01-06', '2012-02-23', 4, 19999019.78, '789979982'),
('293907279', 'TOR', 'Arch', 'Jowsey', '1979-04-15', 175, 68, 'R', 'R', 29, '2009-01-10', '2012-02-16', '2016-09-13', 4, 31306232.96, '383028444'),
('297145985', 'DET', 'Jedd', 'Jory', '1997-02-20', 162, 69, 'R', 'L', 26, '2002-02-25', '1996-05-02', '2016-02-23', 6, 27410615.71, '288365108'),
('297900488', 'CHC', 'Cory', 'Woodhams', '1994-11-07', 192, 73, 'L', 'R', 38, '2004-05-21', '1998-10-31', '2018-01-12', 2, 20177794.60, '774439191'),
('308213458', 'PHI', 'Shawn', 'Pottle', '1994-11-21', 183, 71, 'R', 'R', 40, '2012-12-30', '2014-07-05', '2015-11-27', 7, 6547937.00, '882857323'),
('309886713', 'ATL', 'Syman', 'Mountney', '1980-11-08', 179, 72, 'R', 'R', 6, '1998-06-18', '1998-08-15', '2015-04-06', 5, 4371825.87, '861572632'),
('313363771', 'MIA', 'Seumas', 'Stolberg', '1994-10-26', 158, 67, 'S', 'R', 46, '2008-08-12', '2016-07-06', '2016-01-12', 4, 30840781.24, '774732045'),
('335682238', 'CIN', 'Farlay', 'Mc Caughen', '2000-05-18', 170, 65, 'R', 'R', 29, '1998-08-25', '2006-09-22', '2014-06-15', 7, 13989658.16, '860149997'),
('371885408', 'KCR', 'Lewiss', 'Headingham', '1982-09-10', 180, 71, 'R', 'R', 25, '2006-11-22', '1996-05-06', '2012-02-17', 3, 29927442.32, '451308366'),
('378126326', 'WSN', 'Ole', 'Wretham', '1980-12-28', 158, 75, 'S', 'R', 37, '2003-10-04', '2009-08-11', '2018-11-16', 2, 14574576.27, '263511556'),
('384563178', 'PIT', 'Eugenio', 'Spindler', '1991-05-17', 170, 73, 'R', 'L', 9, '2003-10-10', '1999-03-24', '2017-04-21', 5, 25206286.27, '835601787'),
('391894749', 'ARI', 'Jarrid', 'Damato', '1980-07-26', 177, 75, 'R', 'R', 1, '2008-01-21', '2006-12-02', '2019-04-10', 7, 6044721.00, '477136097'),
('403386587', 'BAL', 'Stearne', 'Daltrey', '1982-04-03', 189, 74, 'R', 'R', 45, '1998-09-28', '1994-01-08', '2015-08-06', 2, 24741347.27, '854979710'),
('429307742', 'SDP', 'Sunny', 'Pinnock', '1982-06-20', 165, 72, 'R', 'L', 21, '2006-02-02', '2014-11-04', '2019-02-25', 4, 32413300.60, '888147523'),
('432051696', 'CHC', 'David', 'Cregg', '1999-03-05', 211, 69, 'S', 'R', 45, '2016-07-25', '2015-06-14', '2014-05-07', 3, 18882943.47, '288365108'),
('440406084', 'LAD', 'Sylvan', 'Rizzello', '1993-07-03', 203, 69, 'S', 'R', 19, '2006-05-13', '2019-04-02', '2014-07-24', 2, 21394240.29, '477136097'),
('451479288', 'SEA', 'Case', 'Fairbairn', '1993-10-08', 167, 72, 'R', 'R', 22, '1998-04-23', '1997-03-06', '2013-11-12', 6, 30210949.93, '831024933'),
('459538520', 'CHC', 'Olivier', 'Brundrett', '1998-07-01', 203, 69, 'R', 'R', 14, '2006-01-29', '2008-04-17', '2016-04-07', 6, 21641426.52, '319895938'),
('517549365', 'SFG', 'Leopold', 'Essberger', '1984-07-16', 153, 67, 'S', 'R', 18, '2006-03-04', '1994-10-12', '2018-06-29', 7, 34894232.68, '385190386'),
('539063230', 'DET', 'Gayelord', 'Currom', '1975-05-20', 182, 69, 'R', 'R', 38, '1998-11-08', '1996-02-21', '2012-03-28', 1, 4007541.39, '764808224'),
('546932241', 'KCR', 'Dud', 'Labusquiere', '1997-06-04', 166, 69, 'R', 'R', 33, '2014-04-26', '2010-10-09', '2012-12-18', 4, 23699446.00, '548664164'),
('565507978', 'BOS', 'Lorne', 'Hustings', '1977-05-26', 177, 72, 'R', 'R', 35, '2009-06-13', '2010-10-02', '2018-03-20', 4, 28419162.62, '765906267'),
('570040843', 'LAA', 'Edouard', 'Bowry', '1975-02-02', 161, 72, 'S', 'R', 32, '2010-03-22', '2005-03-22', '2017-02-12', 5, 34910081.27, '700216001'),
('581173155', 'TEX', 'Lowell', 'Normadell', '1994-10-22', 176, 65, 'R', 'L', 22, '2005-09-04', '2010-12-13', '2014-10-30', 3, 34528552.33, '634789941'),
('597688889', 'OAK', 'Winnie', 'Lestor', '1987-06-03', 195, 72, 'S', 'R', 48, '1993-03-19', '2012-12-29', '2017-11-22', 7, 2561435.98, '288365108'),
('620812663', 'WSN', 'Fraser', 'Spancock', '1981-05-16', 185, 75, 'R', 'R', 6, '2017-05-20', '2014-04-23', '2018-05-26', 7, 3689941.27, '537297991'),
('627482711', 'KCR', 'Yvon', 'Kubec', '1984-11-07', 178, 77, 'R', 'R', 2, '2001-06-09', '1999-11-20', '2012-06-11', 3, 26196218.22, '210277823'),
('631064290', 'PIT', 'Brian', 'Reuss', '1977-07-11', 161, 66, 'R', 'L', 44, '2008-10-12', '1994-06-24', '2016-05-23', 7, 2903242.30, '774439191'),
('692330000', 'TOR', 'Aland', 'Lotwich', '1979-02-14', 190, 73, 'S', 'R', 4, '2015-06-09', '1995-03-05', '2013-08-23', 5, 17259895.35, '336443410'),
('694668541', 'HOU', 'Kennedy', 'Sherel', '1988-12-18', 187, 72, 'R', 'R', 5, '2005-11-18', '2017-03-18', '2013-04-21', 2, 34459459.22, '774439191'),
('699694575', 'KCR', 'Patricio', 'Stille', '1991-01-30', 200, 66, 'R', 'R', 10, '2006-05-05', '2001-05-27', '2012-12-13', 2, 28475669.83, '765906267'),
('709667135', 'MIL', 'Rollo', 'Teresse', '1998-02-21', 175, 69, 'R', 'R', 33, '1997-11-02', '2012-06-29', '2018-08-17', 1, 34154991.64, '640686213'),
('752762138', 'PHI', 'Bryanty', 'Glazyer', '1983-10-04', 192, 72, 'S', 'R', 43, '2004-10-10', '2012-09-01', '2016-08-24', 3, 30466774.29, '477136097'),
('802993576', 'MIA', 'Vanya', 'Rigglesford', '1999-02-21', 185, 71, 'R', 'R', 5, '2010-08-31', '2008-12-31', '2016-05-17', 5, 9069349.00, '502946254'),
('817741013', 'SDP', 'Herb', 'Usherwood', '1983-04-11', 172, 73, 'R', 'R', 11, '2004-03-01', '1995-09-06', '2016-02-12', 1, 18279594.15, '764808224'),
('818882030', 'LAD', 'Murvyn', 'McGowing', '1978-11-16', 204, 72, 'R', 'R', 27, '2014-11-08', '2007-10-15', '2014-02-17', 5, 27942957.90, '288365108'),
('820925771', 'TEX', 'Morlee', 'Krolman', '1983-07-26', 167, 69, 'R', 'R', 39, '2017-10-22', '1999-10-10', '2013-02-15', 2, 1891425.18, '263511556'),
('824197658', 'DET', 'Andrew', 'Boylund', '1992-07-23', 181, 73, 'R', 'R', 46, '2011-10-02', '2004-01-21', '2019-01-11', 2, 25837911.13, '882857323'),
('869203310', 'LAA', 'Carr', 'Kiellor', '1985-02-08', 163, 69, 'S', 'R', 10, '2011-06-20', '2015-12-18', '2014-04-29', 6, 25369093.66, '451308366'),
('880515899', 'ARI', 'Derry', 'Mc Kellen', '1985-04-22', 181, 75, 'S', 'R', 35, '2015-02-05', '2004-10-06', '2014-06-04', 3, 31047793.09, '758133338'),
('898900829', 'PIT', 'Moe', 'Sandiford', '1976-04-19', 187, 72, 'R', 'R', 26, '2018-08-02', '2011-09-05', '2018-02-23', 5, 26554116.78, '660839988'),
('907527343', 'CHW', 'Sully', 'Farmar', '1995-05-31', 179, 72, 'R', 'R', 41, '2008-06-13', '2014-01-19', '2017-09-18', 3, 14064091.88, '371440061'),
('913799287', 'LAD', 'Ford', 'Brogioni', '1985-10-26', 170, 71, 'R', 'R', 1, '2015-04-18', '2003-10-06', '2015-12-15', 5, 29535651.10, '831024933'),
('917178541', 'ATL', 'Ivor', 'Kinloch', '1983-03-03', 169, 68, 'R', 'R', 45, '2007-01-02', '2010-04-09', '2012-12-02', 4, 5115434.00, '849207075'),
('924978309', 'KCR', 'Ben', 'Martin', '2000-12-28', 162, 64, 'R', 'R', 36, '1998-11-20', '2010-07-15', '2013-05-04', 4, 18194003.02, '789979982'),
('928780995', 'NYM', 'Ross', 'Tucknutt', '1993-10-30', 157, 68, 'R', 'R', 35, '1995-01-29', '1993-10-19', '2018-05-27', 6, 9302967.00, '849207075'),
('948875261', 'NYM', 'Rosco', 'Muldoon', '1999-01-24', 173, 73, 'R', 'R', 39, '1995-05-29', '2006-02-14', '2012-02-18', 1, 21415446.94, '640686213');

-- --------------------------------------------------------

--
-- Table structure for table `Staff`
--

CREATE TABLE `Staff` (
  `staffID` varchar(11) NOT NULL,
  `teamID` char(3) NOT NULL,
  `firstName` varchar(100) NOT NULL,
  `lastName` varchar(100) NOT NULL,
  `specialty` varchar(100) DEFAULT NULL,
  `birthday` date NOT NULL,
  `hireDate` date DEFAULT NULL,
  `phone` varchar(15) DEFAULT NULL,
  `email` varchar(50) DEFAULT NULL
) ENGINE=InnoDB DEFAULT CHARSET=latin1;

--
-- Dumping data for table `Staff`
--

INSERT INTO `Staff` (`staffID`, `teamID`, `firstName`, `lastName`, `specialty`, `birthday`, `hireDate`, `phone`, `email`) VALUES
('1469', 'NYY', 'Thomas', 'Newman', 'Pitching_Coach', '2007-12-16', '2016-01-22', '1-354-720-2986', 'adipiscing.elit@lacusAliquamrutrum.ca'),
('1535', 'BAL', 'Ryan', 'Barkley', 'Scout', '1989-04-13', '2018-02-12', '1-800-839-9292', 'rbarkleyscouting@gmail.com'),
('1703', 'BAL', 'Nash', 'Anthony', 'Scout', '2066-07-06', '1999-10-15', '1-603-660-5147', 'odio.auctor.vitae@tellus.org'),
('1859', 'CLE', 'Silas', 'Barber', 'Pitching_Coach', '2007-01-04', '2017-03-29', '1-399-851-9794', 'at.nisi.Cum@cursusNunc.com'),
('2015', 'DET', 'Lane', 'Weeks', 'Analyst', '1991-03-03', '2009-06-09', '1-963-925-6003', 'nec.mollis.vitae@a.net'),
('2093', 'KCR', 'Ronan', 'Baker', 'Scout', '1974-05-28', '2015-05-25', '1-215-779-1120', 'Cras.vulputate@vulputate.ca'),
('2171', 'HOU', 'Akeem', 'Bird', 'Hitting_Coach', '1983-05-03', '2002-08-20', '1-713-789-2616', 'sodales.Mauris@blanditenim.ca'),
('2327', 'TEX', 'Alden', 'Richards', 'Fielding_Coach', '1983-02-10', '2006-06-03', '1-120-979-5789', 'Nunc.mauris.Morbi@arcuVestibulum.ca'),
('2483', 'LAA', 'Neil', 'Mckenzie', 'Scout', '2056-03-26', '2015-12-16', '1-373-944-3704', 'tristique.senectus.et@dolordolortempus.ca'),
('2639', 'ATL', 'Octavius', 'Walter', 'Pitching_Coach', '1992-12-28', '2006-07-12', '1-625-894-3875', 'augue.ut@eu.org'),
('2873', 'MIA', 'Mark', 'Thomas', 'Scout', '1977-11-02', '1999-03-15', '1-857-414-3466', 'Quisque.varius.Nam@convallis.co.uk'),
('2951', 'STL', 'Kenneth', 'Justice', 'Hitting_Coach', '1975-05-17', '2004-02-02', '1-410-729-1036', 'augue.Sed.molestie@auctor.net'),
('3029', 'CHC', 'Jelani', 'Odom', 'Pitching_Coach', '2004-05-30', '2002-08-13', '1-835-596-7258', 'Donec@orci.ca'),
('3107', 'MIL', 'Rafael', 'Hays', 'Fielding_Coach', '2010-05-27', '2018-12-27', '1-169-777-9292', 'mattis.semper.dui@Loremipsum.co.uk'),
('3419', 'ARI', 'Timothy', 'Spears', 'Pitching_Coach', '1999-06-21', '2009-04-05', '1-676-540-6514', 'natoque@ante.co.uk'),
('3575', 'COL', 'Zeph', 'Strickland', 'Analyst', '2004-05-28', '2003-04-07', '1-296-675-7994', 'enim.nisl@senectusetnetus.co.uk'),
('3731', 'TBR', 'Neil', 'Owens', 'Hitting_Coach', '1978-11-06', '2015-07-16', '1-148-487-9611', 'facilisis.lorem.tristique@quis.co.uk'),
('4121', 'MIN', 'Preston', 'Mccall', 'Hitting_Coach', '2061-07-08', '1999-11-22', '1-254-283-6711', 'eu.tellus@nonmagnaNam.edu'),
('4355', 'DET', 'Rashad', 'Salas', 'Analyst', '2016-12-09', '2012-02-06', '1-803-961-1487', 'erat.vitae@aliquamadipiscing.co.uk'),
('4589', 'SEA', 'Holmes', 'Dejesus', 'Pitching_Coach', '1988-06-02', '2018-08-26', '1-410-689-5637', 'Donec.tempor.est@Nuncpulvinararcu.co.uk'),
('4823', 'LAA', 'Basil', 'Mcneil', 'Scout', '2019-01-02', '2006-04-21', '1-626-303-6856', 'leo.Vivamus@lobortis.co.uk'),
('4901', 'PHI', 'Samuel', 'Hodge', 'Hitting_Coach', '2019-01-08', '2011-05-04', '1-634-745-9054', 'malesuada@DonecegestasDuis.edu'),
('4979', 'ATL', 'Axel', 'Stone', 'Pitching_Coach', '1993-08-27', '2014-09-22', '1-505-746-0368', 'fermentum.convallis@in.com'),
('5057', 'NYM', 'Hashim', 'Tanner', 'Fielding_Coach', '2018-11-21', '2013-02-25', '1-428-826-1388', 'interdum@Aliquamauctor.ca'),
('5291', 'STL', 'Baxter', 'Sampson', 'Hitting_Coach', '1998-11-05', '2001-01-25', '1-976-692-0932', 'quis@nec.co.uk'),
('5369', 'CHC', 'Xenos', 'Hooper', 'Pitching_Coach', '1998-10-25', '2016-07-01', '1-350-477-4008', 'interdum.Sed.auctor@aliquetmetusurna.co.uk'),
('5447', 'MIL', 'Quentin', 'Craig', 'Fielding_Coach', '1986-08-30', '2014-07-10', '1-295-551-8812', 'sagittis@quisturpisvitae.org'),
('5525', 'PIT', 'Kareem', 'Delaney', 'Analyst', '2006-11-04', '2000-05-27', '1-652-535-7522', 'Phasellus.vitae.mauris@porttitorscelerisque.edu'),
('5603', 'CIN', 'Aladdin', 'Potts', 'Scout', '1993-01-03', '2008-09-28', '1-267-857-7672', 'ipsum.porta@AliquamnislNulla.ca'),
('5759', 'ARI', 'Patrick', 'Bender', 'Pitching_Coach', '2000-05-09', '2011-04-21', '1-520-402-1151', 'dictum@vitaealiquet.edu'),
('5837', 'SDP', 'Hiram', 'England', 'Fielding_Coach', '2062-04-27', '2012-01-20', '1-737-132-1668', 'ipsum.primis.in@consequatpurusMaecenas.edu'),
('5915', 'COL', 'Colby', 'Bryant', 'Analyst', '2008-09-18', '2011-10-18', '1-166-474-9118', 'magna.Ut@Curae.com'),
('6227', 'TOR', 'Tyler', 'Mcclain', 'Fielding_Coach', '2055-06-28', '2009-02-27', '1-507-777-2599', 'at.auctor.ullamcorper@laciniaorciconsectetuer.edu'),
('6461', 'MIN', 'Sylvester', 'Lindsey', 'Hitting_Coach', '1984-03-20', '2006-09-21', '1-866-105-7682', 'lobortis.ultrices.Vivamus@duiquisaccumsan.org'),
('6695', 'DET', 'Dennis', 'Stein', 'Analyst', '2008-12-19', '2017-09-21', '1-482-948-8135', 'auctor@sapienmolestieorci.net'),
('6773', 'KCR', 'Cullen', 'Hensley', 'Scout', '1982-02-08', '2000-01-31', '1-646-713-1341', 'diam.Proin@rhoncus.ca'),
('7007', 'TEX', 'Nash', 'Daniels', 'Fielding_Coach', '1993-07-16', '2002-10-03', '1-570-221-1744', 'semper.Nam@mipede.org'),
('7085', 'OAK', 'Chancellor', 'Richmond', 'Analyst', '1971-03-29', '2012-01-04', '1-767-113-4971', 'at.arcu@venenatis.edu'),
('7163', 'LAA', 'Yoshio', 'Willis', 'Scout', '2068-06-06', '2005-02-05', '1-910-976-3621', 'Cras.lorem@laciniaSedcongue.net'),
('7241', 'PHI', 'Kamal', 'Bond', 'Hitting_Coach', '1985-11-01', '1999-01-26', '1-238-830-1950', 'Suspendisse.sagittis.Nullam@tristique.org'),
('7319', 'ATL', 'Xenos', 'Tyson', 'Pitching_Coach', '2005-10-22', '2000-01-11', '1-484-133-3505', 'aliquet.molestie.tellus@enim.org'),
('7475', 'WSN', 'Troy', 'Navarro', 'Analyst', '2066-10-01', '2019-02-07', '1-475-809-6438', 'Nulla@NullaaliquetProin.edu'),
('7631', 'STL', 'Kermit', 'Bell', 'Hitting_Coach', '1982-05-02', '2014-05-11', '1-148-973-8812', 'quam.elementum@nonarcu.org'),
('7709', 'CHC', 'Silas', 'Ringo', 'Pitching_Coach', '1997-10-01', '2006-07-15', '1-790-780-2477', 'senectus.et.netus@Namnullamagna.net'),
('7865', 'PIT', 'Sylvester', 'Mcknight', 'Analyst', '1991-10-01', '2011-08-31', '1-888-677-7007', 'dolor.dapibus.gravida@nec.net'),
('8021', 'LAD', 'Hayes', 'Pickett', 'Hitting_Coach', '2016-06-30', '2002-06-24', '1-688-724-3517', 'dolor.quam@et.edu'),
('8333', 'SFG', 'Dante', 'Lewis', 'Scout', '2008-11-08', '2011-11-19', '1-608-495-4283', 'lorem@malesuadaInteger.edu'),
('8411', 'TBR', 'Brennan', 'Matthews', 'Hitting_Coach', '2003-03-26', '1999-08-28', '1-518-865-1100', 'luctus@Suspendisse.com'),
('8567', 'TOR', 'Gavin', 'Fry', 'Fielding_Coach', '2061-10-24', '2002-02-17', '1-571-528-0587', 'quis@tinciduntneque.edu'),
('8645', 'BOS', 'Hayden', 'Watts', 'Analyst', '2061-11-04', '2007-07-02', '1-394-151-9099', 'laoreet@Cras.edu'),
('8801', 'MIN', 'Basil', 'Hammond', 'Hitting_Coach', '2068-07-24', '2014-02-13', '1-221-437-9387', 'Pellentesque.habitant@ultrices.net');

-- --------------------------------------------------------

--
-- Table structure for table `Team`
--

CREATE TABLE `Team` (
  `teamID` char(3) NOT NULL,
  `location` varchar(100) NOT NULL,
  `name` varchar(100) NOT NULL,
  `league` varchar(10) NOT NULL,
  `division` varchar(10) DEFAULT NULL,
  `gamesPlayed` int(11) DEFAULT NULL,
  `wins` int(11) DEFAULT NULL,
  `losses` int(11) DEFAULT NULL
) ENGINE=InnoDB DEFAULT CHARSET=latin1;

--
-- Dumping data for table `Team`
--

INSERT INTO `Team` (`teamID`, `location`, `name`, `league`, `division`, `gamesPlayed`, `wins`, `losses`) VALUES
('ARI', 'Arizona', 'Diamondbacks', 'NL', 'West', 162, 103, 59),
('ATL', 'Atlanta', 'Braves', 'NL', 'East', 162, 63, 99),
('BAL', 'Baltimore', 'Orioles', 'AL', 'East', 162, 109, 53),
('BOS', 'Boston', 'Red_Sox', 'AL', 'East', 162, 105, 57),
('BUF', 'Buffalo', 'Buffalo_Bisons', 'TA', 'North', 140, 88, 52),
('CHA', 'Charlotte', 'Charlotte_Knights', 'TA', 'South', 140, 86, 54),
('CHC', 'Chicago', 'Cubs', 'NL', 'Central', 162, 55, 107),
('CHW', 'Chicago', 'White_Sox', 'AL', 'Central', 162, 47, 115),
('CIN', 'Cincinnati', 'Reds', 'NL', 'Central', 162, 101, 61),
('CLC', 'Columbus', 'Columbus_Clippers', 'TA', 'West', 140, 45, 95),
('CLE', 'Cleveland', 'Indians', 'AL', 'Central', 162, 92, 70),
('COL', 'Colorado', 'Rockies', 'NL', 'West', 162, 74, 88),
('DET', 'Detroit', 'Tigers', 'AL', 'Central', 162, 58, 104),
('DUR', 'Durham', 'Durham_Bulls', 'TA', 'South', 140, 96, 44),
('GWS', 'Lawrenceville', 'Gwinnett_Stripers', 'TA', 'South', 140, 56, 84),
('HOU', 'Houston', 'Astros', 'AL', 'West', 162, 92, 70),
('IND', 'Indianapolis', 'Indianapolis_Indians', 'TA', 'West', 140, 42, 98),
('KCR', 'Kansas City', 'Royals', 'AL', 'Central', 162, 107, 55),
('LAA', 'Los Angeles', 'Angels', 'AL', 'West', 162, 89, 73),
('LAD', 'Los Angeles', 'Dodgers', 'NL', 'West', 162, 83, 79),
('LOB', 'Louisville', 'Louisville_Bats', 'TA', 'West', 140, 40, 100),
('LVI', 'Allentown', 'Lehigh_Valley_IronPigs', 'TA', 'North', 140, 49, 91),
('MIA', 'Miami', 'Marlins', 'NL', 'East', 162, 87, 75),
('MIL', 'Milwaukee', 'Brewers', 'NL', 'Central', 162, 109, 53),
('MIN', 'Minnesota', 'Twins', 'AL', 'Central', 162, 105, 57),
('NOT', 'Norfolk', 'Norfolk Tides', 'TA', 'South', 140, 87, 53),
('NYM', 'New York', 'Mets', 'NL', 'East', 162, 82, 80),
('NYY', 'New York', 'Yankees', 'AL', 'East', 162, 40, 122),
('OAK', 'Oakland', 'Athletics', 'AL', 'West', 162, 54, 108),
('PHI', 'Philadelphia', 'Phillies', 'NL', 'East', 162, 42, 120),
('PIT', 'Pittsburgh', 'Pirates', 'NL', 'Central', 162, 78, 84),
('PRS', 'Pawtucket', 'Pawtucket Red Sox', 'TA', 'North', 140, 86, 54),
('SDP', 'San Diego', 'Padres', 'NL', 'West', 162, 83, 79),
('SEA', 'Seattle', 'Mariners', 'AL', 'West', 162, 51, 111),
('SFG', 'San Francisco', 'Giants', 'NL', 'West', 162, 106, 56),
('STL', 'St. Louis', 'Cardinals', 'NL', 'Central', 162, 55, 107),
('TBR', 'Tampa Bay', 'Rays', 'AL', 'East', 162, 59, 103),
('TEX', 'Texas', 'Rangers', 'AL', 'West', 162, 91, 71),
('TMH', 'Toledo', 'Toledo Mud Hens', 'TA', 'West', 140, 70, 70),
('TOR', 'Toronto', 'Blue Jays', 'AL', 'East', 162, 97, 65),
('WSN', 'Washington', 'Nationals', 'NL', 'East', 162, 101, 61);

-- --------------------------------------------------------

--
-- Table structure for table `Umpire`
--

CREATE TABLE `Umpire` (
  `umpireID` char(11) NOT NULL,
  `firstName` varchar(100) NOT NULL,
  `lastName` varchar(100) NOT NULL,
  `birthday` date NOT NULL,
  `mlbDebut` date NOT NULL,
  `phone` varchar(15) DEFAULT NULL,
  `email` varchar(100) DEFAULT NULL,
  `gamesUmpired` int(11) DEFAULT NULL,
  `kBoost` float(8,3) DEFAULT NULL,
  `bbBoost` float(8,3) DEFAULT NULL,
  `rBoost` float(8,3) DEFAULT NULL,
  `baBoost` float(8,3) DEFAULT NULL,
  `obpBoost` float(8,3) DEFAULT NULL,
  `slgBoost` float(8,3) DEFAULT NULL
) ENGINE=InnoDB DEFAULT CHARSET=latin1;

--
-- Dumping data for table `Umpire`
--

INSERT INTO `Umpire` (`umpireID`, `firstName`, `lastName`, `birthday`, `mlbDebut`, `phone`, `email`, `gamesUmpired`, `kBoost`, `bbBoost`, `rBoost`, `baBoost`, `obpBoost`, `slgBoost`) VALUES
('261888401', 'Nigel', 'Digg', '1981-05-07', '1991-03-25', '(375) 6525318', 'ndigg19@naver.com', 735, 0.293, 0.963, 0.218, 0.230, 0.866, 0.393),
('271570373', 'Caryl', 'Tomblett', '1978-05-27', '1988-01-04', '(984) 2433200', 'ctomblettn@narod.ru', 299, 0.803, 0.406, 0.218, 0.964, 0.646, 0.234),
('291424166', 'Ernst', 'Bellworthy', '1965-11-25', '1999-07-05', '(154) 7322948', 'ebellworthys@fema.gov', 608, 0.068, 0.345, 0.499, 0.879, 0.037, 0.882),
('293351230', 'Sherm', 'Fynn', '1980-08-06', '2014-04-07', '(686) 9069188', 'sfynna@harvard.edu', 1605, 0.001, 0.022, 0.610, 0.888, 0.208, 0.311),
('311921157', 'Johann', 'Stevings', '1963-03-03', '1978-01-01', '(725) 6229936', 'jstevingsf@odnoklassniki.ru', 710, 0.755, 0.861, 0.002, 0.443, 0.329, 0.562),
('372723625', 'Clemens', 'Stothard', '1969-08-28', '1995-10-23', '(416) 8645157', 'cstothard1b@elpais.com', 901, 0.735, 0.966, 0.424, 0.334, 0.298, 0.464),
('400287420', 'Neel', 'Pacher', '1975-09-25', '2000-04-22', '(958) 5224069', 'npacherd@whitehouse.gov', 594, 0.653, 0.160, 0.765, 0.853, 0.749, 0.379),
('429113036', 'Gran', 'Mawer', '1984-08-07', '2000-01-24', '(491) 7723261', 'gmawer12@cloudflare.com', 1123, 0.945, 0.427, 0.229, 0.582, 0.040, 0.899),
('438509814', 'Chas', 'Gibbon', '1960-12-03', '1996-01-10', '(503) 6896901', 'cgibbon0@clickbank.net', 613, 0.927, 0.460, 0.592, 0.350, 0.901, 0.567),
('453368830', 'Jamey', 'Teideman', '1983-07-01', '2013-10-14', '(454) 8577910', 'jteideman11@dailymail.co.uk', 1615, 0.810, 0.302, 0.219, 0.323, 0.935, 0.414),
('468292892', 'Cos', 'Mathet', '1970-07-18', '1997-12-14', '(808) 3875581', 'cmathetp@mozilla.com', 853, 0.834, 0.787, 0.123, 0.893, 0.167, 0.955),
('481410618', 'Montgomery', 'Dicker', '1987-05-02', '1978-07-05', '(898) 5546194', 'mdickerq@ifeng.com', 1189, 0.816, 0.849, 0.849, 0.593, 0.085, 0.469),
('488618921', 'Lowrance', 'Orrey', '1964-03-31', '2006-12-14', '(359) 5463189', 'lorrey10@samsung.com', 185, 0.206, 0.128, 0.022, 0.454, 0.254, 0.885),
('519206691', 'Christos', 'Fitchew', '1977-08-09', '1988-09-20', '(162) 6584914', 'cfitchew18@fotki.com', 1503, 0.047, 0.849, 0.135, 0.893, 0.229, 0.939),
('520918245', 'Kort', 'Van Halen', '1969-01-23', '1978-09-09', '(708) 1753654', 'kvanhalenu@utexas.edu', 1206, 0.633, 0.185, 0.532, 0.848, 0.860, 0.916),
('529996651', 'Nels', 'Franc', '1966-07-10', '2006-05-08', '(429) 9203561', 'nfrancb@google.pl', 1040, 0.903, 0.517, 0.523, 0.361, 0.835, 0.826),
('551280641', 'Sonny', 'Ivell', '1967-07-24', '2007-03-11', '(933) 1104120', 'sivelle@squarespace.com', 498, 0.384, 0.877, 0.396, 0.592, 0.339, 0.417),
('560778463', 'Darrel', 'Gilbee', '1976-11-25', '2001-03-20', '(402) 8897357', 'dgilbeez@symantec.com', 874, 0.116, 0.429, 0.741, 0.264, 0.023, 0.495),
('563319489', 'Ernesto', 'Crickmoor', '1963-10-15', '2009-06-07', '(738) 1698608', 'ecrickmoor1c@whitehouse.gov', 422, 0.777, 0.092, 0.464, 0.107, 0.638, 0.337),
('567237371', 'Ozzie', 'Quilkin', '1988-07-20', '2011-01-08', '(306) 3652522', 'oquilkinw@ovh.net', 799, 0.779, 0.328, 0.165, 0.741, 0.218, 0.756),
('567507598', 'Jimmie', 'Fairest', '1974-12-23', '2006-08-26', '(702) 9900985', 'jfairest4@comsenz.com', 594, 0.776, 0.846, 0.639, 0.231, 0.284, 0.167),
('575031304', 'Claiborne', 'Duddle', '1975-07-27', '2004-07-18', '(368) 1502190', 'cduddle3@washington.edu', 621, 0.518, 0.967, 0.470, 0.593, 0.117, 0.919),
('585007201', 'Cirilo', 'Couch', '1978-05-27', '1987-04-01', '(146) 5007583', 'ccoucht@phpbb.com', 149, 0.009, 0.917, 0.133, 0.157, 0.149, 0.490),
('588008048', 'Kristoforo', 'Caesar', '1971-04-09', '1982-11-27', '(200) 8300707', 'kcaesarc@sourceforge.net', 59, 0.197, 0.214, 0.046, 0.630, 0.144, 0.302),
('593234235', 'Merwyn', 'Spurr', '1961-05-31', '2017-09-22', '(700) 3775496', 'mspurrx@ustream.tv', 114, 0.579, 0.432, 0.108, 0.978, 0.467, 0.312),
('630791723', 'Archy', 'Rhodes', '1970-01-01', '2006-10-11', '(704) 6771135', 'arhodeso@time.com', 429, 0.033, 0.373, 0.669, 0.890, 0.751, 0.673),
('636491086', 'Luigi', 'Whayman', '1964-09-27', '1994-02-21', '(718) 7153044', 'lwhayman17@tinyurl.com', 1393, 0.762, 0.827, 0.352, 0.229, 0.339, 0.652),
('651313226', 'Osmund', 'Alty', '1975-06-27', '1985-08-13', '(646) 6789958', 'oaltyy@list-manage.com', 790, 0.665, 0.781, 0.711, 0.208, 0.256, 0.691),
('661978762', 'Krispin', 'Menelaws', '1968-10-14', '1978-12-18', '(745) 3278820', 'kmenelaws2@nps.gov', 558, 0.252, 0.316, 0.240, 0.277, 0.258, 0.293),
('665127309', 'Pavel', 'Sully', '1957-09-15', '2004-01-29', '(430) 8797575', 'psullym@wikimedia.org', 817, 0.432, 0.042, 0.991, 0.712, 0.334, 0.844),
('674081150', 'Anton', 'Satteford', '1977-11-10', '1996-10-14', '(534) 4306808', 'asatteford8@opera.com', 476, 0.592, 0.850, 0.815, 0.070, 0.990, 0.681),
('701350908', 'Gregor', 'Ironmonger', '1970-03-30', '2014-07-28', '(421) 2205119', 'gironmongerj@github.io', 887, 0.632, 0.173, 0.988, 0.783, 0.639, 0.978),
('721308575', 'Worthy', 'Heffer', '1959-01-21', '2008-04-04', '(578) 3235234', 'whefferi@flavors.me', 1371, 0.741, 0.123, 0.420, 0.387, 0.468, 0.349),
('721916582', 'Garner', 'Alennikov', '1969-04-26', '2006-08-13', '(974) 5983683', 'galennikovk@squidoo.com', 431, 0.932, 0.103, 0.153, 0.710, 0.672, 0.096),
('723063099', 'Shurlock', 'Caurah', '1961-10-20', '2017-04-01', '(577) 8485689', 'scaurahv@hugedomains.com', 1236, 0.690, 0.941, 0.723, 0.974, 0.864, 0.229),
('754672118', 'Jules', 'Currey', '1977-06-24', '2012-12-21', '(100) 1871614', 'jcurrey1a@list-manage.com', 1097, 0.946, 0.836, 0.238, 0.354, 0.390, 0.657),
('758611106', 'Dieter', 'Anmore', '1970-03-20', '1985-06-12', '(150) 7807402', 'danmore13@upenn.edu', 1490, 0.783, 0.920, 0.322, 0.498, 0.103, 0.210),
('801461649', 'Shanan', 'Cornelissen', '1982-03-13', '1979-02-25', '(236) 2255256', 'scornelisseng@goo.gl', 634, 0.701, 0.249, 0.948, 0.026, 0.319, 0.742),
('804934014', 'Inger', 'Watkinson', '1958-10-19', '1998-08-02', '(616) 5616924', 'iwatkinsonl@networksolutions.com', 860, 0.900, 0.927, 0.587, 0.986, 0.022, 0.025),
('816659867', 'Stanfield', 'Aspel', '1988-09-16', '1988-09-04', '(698) 1201984', 'saspel15@furl.net', 190, 0.402, 0.551, 0.946, 0.992, 0.348, 0.318),
('825576522', 'Cori', 'Irvine', '1969-03-01', '2016-02-11', '(590) 4472541', 'cirvine9@smugmug.com', 1578, 0.969, 0.171, 0.477, 0.564, 0.911, 0.889),
('829224721', 'Pren', 'Marrett', '1956-02-07', '1995-07-30', '(179) 2742379', 'pmarretth@facebook.com', 1114, 0.062, 0.813, 0.109, 0.481, 0.613, 0.614),
('833977349', 'Domingo', 'Heap', '1989-03-03', '2018-11-08', '(109) 2547049', 'dheap16@desdev.cn', 1322, 0.182, 0.596, 0.077, 0.064, 0.333, 0.174),
('851018997', 'Rand', 'Garfath', '1971-11-01', '2014-12-13', '(883) 9824318', 'rgarfath1@fc2.com', 606, 0.307, 0.691, 0.123, 0.434, 0.145, 0.551),
('860182207', 'Hyman', 'Redparth', '1963-04-15', '1980-06-05', '(719) 6470700', 'hredparth5@whitehouse.gov', 838, 0.649, 0.223, 0.958, 0.894, 0.124, 0.666),
('870402007', 'Lodovico', 'Panner', '1958-12-01', '2002-12-14', '(398) 7755756', 'lpanner6@php.net', 1186, 0.358, 0.136, 0.099, 0.108, 0.268, 0.668),
('890970254', 'Pryce', 'Tabourin', '1984-08-08', '1988-06-12', '(694) 3855891', 'ptabourin14@about.com', 187, 0.277, 0.169, 0.392, 0.089, 0.852, 0.949),
('901171539', 'Byron', 'Dhennin', '1968-08-19', '2011-08-12', '(863) 9831683', 'bdhennin1d@list-manage.com', 653, 0.134, 0.260, 0.071, 0.091, 0.038, 0.880),
('948304586', 'Isadore', 'Sidebotham', '1980-11-23', '1992-06-09', '(742) 6486759', 'isidebotham7@ox.ac.uk', 1120, 0.966, 0.187, 0.408, 0.372, 0.525, 0.884),
('950245158', 'Richardo', 'Aylwin', '1957-08-03', '2003-09-05', '(688) 4898822', 'raylwinr@meetup.com', 1589, 0.485, 0.596, 0.594, 0.497, 0.437, 0.041);

--
-- Indexes for dumped tables
--

--
-- Indexes for table `Agent`
--
ALTER TABLE `Agent`
  ADD PRIMARY KEY (`agentID`),
  ADD UNIQUE KEY `phone` (`phone`),
  ADD UNIQUE KEY `email` (`email`);

--
-- Indexes for table `Fielding`
--
ALTER TABLE `Fielding`
  ADD PRIMARY KEY (`playerID`);

--
-- Indexes for table `Game`
--
ALTER TABLE `Game`
  ADD PRIMARY KEY (`gameID`),
  ADD KEY `awayID` (`awayID`),
  ADD KEY `homeID` (`homeID`);

--
-- Indexes for table `Game_Fielding`
--
ALTER TABLE `Game_Fielding`
  ADD PRIMARY KEY (`gameId`,`playerId`),
  ADD KEY `playerId` (`playerId`);

--
-- Indexes for table `Game_Hitting`
--
ALTER TABLE `Game_Hitting`
  ADD PRIMARY KEY (`gameId`,`playerId`),
  ADD KEY `playerId` (`playerId`);

--
-- Indexes for table `Game_Pitching`
--
ALTER TABLE `Game_Pitching`
  ADD PRIMARY KEY (`gameId`,`playerId`),
  ADD KEY `playerId` (`playerId`);

--
-- Indexes for table `Hitting`
--
ALTER TABLE `Hitting`
  ADD PRIMARY KEY (`playerID`);

--
-- Indexes for table `Officiates`
--
ALTER TABLE `Officiates`
  ADD PRIMARY KEY (`gameID`,`umpireID`),
  ADD KEY `umpireID` (`umpireID`);

--
-- Indexes for table `Per_Inning`
--
ALTER TABLE `Per_Inning`
  ADD PRIMARY KEY (`gameID`,`hittingTeamID`,`inningNum`),
  ADD KEY `hittingTeamID` (`hittingTeamID`);

--
-- Indexes for table `Pitching`
--
ALTER TABLE `Pitching`
  ADD PRIMARY KEY (`playerID`);

--
-- Indexes for table `Player`
--
ALTER TABLE `Player`
  ADD PRIMARY KEY (`playerID`),
  ADD KEY `teamID` (`teamID`),
  ADD KEY `agentID` (`agentID`);

--
-- Indexes for table `Staff`
--
ALTER TABLE `Staff`
  ADD PRIMARY KEY (`staffID`),
  ADD UNIQUE KEY `phone` (`phone`),
  ADD KEY `teamID` (`teamID`);

--
-- Indexes for table `Team`
--
ALTER TABLE `Team`
  ADD PRIMARY KEY (`teamID`),
  ADD UNIQUE KEY `name` (`name`);

--
-- Indexes for table `Umpire`
--
ALTER TABLE `Umpire`
  ADD PRIMARY KEY (`umpireID`),
  ADD UNIQUE KEY `phone` (`phone`);

--
-- AUTO_INCREMENT for dumped tables
--

--
-- AUTO_INCREMENT for table `Game`
--
ALTER TABLE `Game`
  MODIFY `gameID` int(11) NOT NULL AUTO_INCREMENT, AUTO_INCREMENT=51;

--
-- Constraints for dumped tables
--

--
-- Constraints for table `Fielding`
--
ALTER TABLE `Fielding`
  ADD CONSTRAINT `fielding_ibfk_1` FOREIGN KEY (`playerID`) REFERENCES `Player` (`playerID`) ON DELETE CASCADE;

--
-- Constraints for table `Game`
--
ALTER TABLE `Game`
  ADD CONSTRAINT `game_ibfk_1` FOREIGN KEY (`awayID`) REFERENCES `Team` (`teamID`),
  ADD CONSTRAINT `game_ibfk_2` FOREIGN KEY (`homeID`) REFERENCES `Team` (`teamID`);

--
-- Constraints for table `Game_Fielding`
--
ALTER TABLE `Game_Fielding`
  ADD CONSTRAINT `game_fielding_ibfk_1` FOREIGN KEY (`gameId`) REFERENCES `Game` (`gameID`),
  ADD CONSTRAINT `game_fielding_ibfk_2` FOREIGN KEY (`playerId`) REFERENCES `Player` (`playerID`);

--
-- Constraints for table `Game_Hitting`
--
ALTER TABLE `Game_Hitting`
  ADD CONSTRAINT `game_hitting_ibfk_1` FOREIGN KEY (`gameId`) REFERENCES `Game` (`gameID`),
  ADD CONSTRAINT `game_hitting_ibfk_2` FOREIGN KEY (`playerId`) REFERENCES `Player` (`playerID`);

--
-- Constraints for table `Game_Pitching`
--
ALTER TABLE `Game_Pitching`
  ADD CONSTRAINT `game_pitching_ibfk_1` FOREIGN KEY (`gameId`) REFERENCES `Game` (`gameID`),
  ADD CONSTRAINT `game_pitching_ibfk_2` FOREIGN KEY (`playerId`) REFERENCES `Player` (`playerID`);

--
-- Constraints for table `Hitting`
--
ALTER TABLE `Hitting`
  ADD CONSTRAINT `hitting_ibfk_1` FOREIGN KEY (`playerID`) REFERENCES `Player` (`playerID`) ON DELETE CASCADE;

--
-- Constraints for table `Officiates`
--
ALTER TABLE `Officiates`
  ADD CONSTRAINT `officiates_ibfk_1` FOREIGN KEY (`gameID`) REFERENCES `Game` (`gameID`) ON DELETE CASCADE,
  ADD CONSTRAINT `officiates_ibfk_2` FOREIGN KEY (`umpireID`) REFERENCES `Umpire` (`umpireID`);

--
-- Constraints for table `Per_Inning`
--
ALTER TABLE `Per_Inning`
  ADD CONSTRAINT `per_inning_ibfk_1` FOREIGN KEY (`gameID`) REFERENCES `Game` (`gameID`) ON DELETE CASCADE,
  ADD CONSTRAINT `per_inning_ibfk_2` FOREIGN KEY (`hittingTeamID`) REFERENCES `Team` (`teamID`);

--
-- Constraints for table `Pitching`
--
ALTER TABLE `Pitching`
  ADD CONSTRAINT `pitching_ibfk_1` FOREIGN KEY (`playerID`) REFERENCES `Player` (`playerID`) ON DELETE CASCADE;

--
-- Constraints for table `Player`
--
ALTER TABLE `Player`
  ADD CONSTRAINT `player_ibfk_1` FOREIGN KEY (`teamID`) REFERENCES `Team` (`teamID`),
  ADD CONSTRAINT `player_ibfk_2` FOREIGN KEY (`agentID`) REFERENCES `Agent` (`agentID`);

--
-- Constraints for table `Staff`
--
ALTER TABLE `Staff`
  ADD CONSTRAINT `staff_ibfk_1` FOREIGN KEY (`teamID`) REFERENCES `Team` (`teamID`);
COMMIT;

/*!40101 SET CHARACTER_SET_CLIENT=@OLD_CHARACTER_SET_CLIENT */;
/*!40101 SET CHARACTER_SET_RESULTS=@OLD_CHARACTER_SET_RESULTS */;
/*!40101 SET COLLATION_CONNECTION=@OLD_COLLATION_CONNECTION */;
